domain,support_seed,arm,temperature,calibration_count,raw_calibration_nll,temperature_calibration_nll,selected_lora_raw,selected_lora_temperature
hawaii-wildfire,0,frozen,4.477442277136681,6,1.3354163969369448,1.118041138573763,lora4,lora4
hawaii-wildfire,0,lora1,3.357608036245122,6,1.2119949860116794,1.1157660107119238,lora4,lora4
hawaii-wildfire,0,lora4,1.8881217525718474,6,1.1227941367112069,1.1070742484186136,lora4,lora4
hawaii-wildfire,0,aperture,2.6670428643266484,6,1.1584292855150091,1.113551058408407,lora4,lora4
hawaii-wildfire,1,frozen,2.0000000000000004,6,1.1275515783219567,1.0699916918068157,lora4,lora4
hawaii-wildfire,1,lora1,0.597076523783592,6,1.008027960050964,0.9915508093758131,lora4,lora4
hawaii-wildfire,1,lora4,0.3767298178979602,6,0.9211471028657613,0.8322318547709554,lora4,lora4
hawaii-wildfire,1,aperture,2.6670428643266484,6,1.1973292441193972,1.0656751698587432,lora4,lora4
hawaii-wildfire,2,frozen,4.742747411323311,6,1.3392050749193707,1.1245578444461337,lora1,lora4
hawaii-wildfire,2,lora1,3.9905246299377604,6,1.2409641426353055,1.1245298465051852,lora1,lora4
hawaii-wildfire,2,lora4,3.767298178979603,6,1.258138302650089,1.1170216026651898,lora1,lora4
hawaii-wildfire,2,aperture,2.0000000000000004,6,1.1221211763235723,1.0942951610439395,lora1,lora4
libya-flood,0,frozen,7.096267784671511,6,1.537617439373826,1.1317562857863142,lora4,lora1
libya-flood,0,lora1,7.516748085768888,6,1.623161669064504,1.1312067152020013,lora4,lora1
libya-flood,0,lora4,7.096267784671511,6,1.4153424375727701,1.1361639441605087,lora4,lora1
libya-flood,0,aperture,2.6670428643266484,6,1.1663560076497008,1.1098712382324556,lora4,lora1
libya-flood,1,frozen,4.477442277136681,6,1.3772460166716538,1.108634093729223,lora4,lora4
libya-flood,1,lora1,4.742747411323311,6,1.4031794358709984,1.1157930142257175,lora4,lora4
libya-flood,1,lora4,2.5178508235883355,6,1.1680260885416531,1.1026339691707683,lora4,lora4
libya-flood,1,aperture,1.2619146889603867,6,1.0508688502456185,1.047096585601445,lora4,lora4
libya-flood,2,frozen,3.9905246299377604,6,1.3212710757257031,1.1100385103501103,lora4,lora4
libya-flood,2,lora1,5.023772863019162,6,1.4373622525769212,1.114175616851196,lora4,lora4
libya-flood,2,lora4,1.0617688884619771,6,1.0569879326033187,1.0567735458134522,lora4,lora4
libya-flood,2,aperture,3.357608036245122,6,1.186836648448107,1.1209655925149258,lora4,lora4
noto-earthquake,0,frozen,5.32145011959762,6,1.354085090265152,1.1262458804311282,lora1,lora4
noto-earthquake,0,lora1,4.477442277136681,6,1.2853261533411333,1.1260606095519738,lora1,lora4
noto-earthquake,0,lora4,4.477442277136681,6,1.2907412328513028,1.1240269769768145,lora1,lora4
noto-earthquake,0,aperture,5.32145011959762,6,1.309016905585073,1.129313501538696,lora1,lora4
noto-earthquake,1,frozen,3.556558820077846,6,1.2459538995676507,1.1083793456906514,lora4,lora4
noto-earthquake,1,lora1,3.1697863849222285,6,1.2189969951932762,1.1057448820341855,lora4,lora4
noto-earthquake,1,lora4,1.5886564694485632,6,1.0901231653081933,1.0741647901292912,lora4,lora4
noto-earthquake,1,aperture,1.2619146889603867,6,1.0710469829917502,1.0681541253909625,lora4,lora4
noto-earthquake,2,frozen,1.5886564694485632,6,1.047038453269002,1.024652918347485,lora4,lora4
noto-earthquake,2,lora1,1.4997884186649117,6,1.0514467012581545,1.0289265172013384,lora4,lora4
noto-earthquake,2,lora4,0.597076523783592,6,0.9394299081278613,0.9136700489119817,lora4,lora4
noto-earthquake,2,aperture,0.25178508235883346,6,0.9169909283520484,0.7465499333449195,lora4,lora4
turkey-earthquake,0,frozen,4.226978079673295,6,1.3193889588596381,1.112466647688563,lora4,lora4
turkey-earthquake,0,lora1,2.5178508235883355,6,1.1790306278731286,1.0925968178877374,lora4,lora4
turkey-earthquake,0,lora4,1.2619146889603867,6,0.9182661493355696,0.906427997219311,lora4,lora4
turkey-earthquake,0,aperture,1.4997884186649117,6,1.0902087569928247,1.0799471625234238,lora4,lora4
turkey-earthquake,1,frozen,2.9924713121888673,6,1.225835814915014,1.09119167877949,lora4,lora4
turkey-earthquake,1,lora1,1.8881217525718474,6,1.1135227519847508,1.0851933670506544,lora4,lora4
turkey-earthquake,1,lora4,1.4158915687682763,6,1.083636149663581,1.07484129919837,lora4,lora4
turkey-earthquake,1,aperture,0.632455532033676,6,0.9796608271727449,0.9614120638669047,lora4,lora4
turkey-earthquake,2,frozen,4.226978079673295,6,1.321219872158333,1.1141836436650647,lora4,lora4
turkey-earthquake,2,lora1,2.6670428643266484,6,1.1713731798462081,1.1087031773778115,lora4,lora4
turkey-earthquake,2,lora4,2.1185074503545787,6,1.1361421996936958,1.0866079088026575,lora4,lora4
turkey-earthquake,2,aperture,2.1185074503545787,6,1.1348593852963724,1.1049848030003675,lora4,lora4
hospital_2,0,frozen,0.2825075089245509,4,0.5506977871077932,0.41223008594482463,lora4,lora4
hospital_2,0,lora1,1.1246826503806984,4,0.5817551959706815,0.580115685279141,lora4,lora4
hospital_2,0,lora4,0.6699308783156555,4,0.009669747761761393,0.0011460247696825623,lora4,lora4
hospital_2,0,aperture,0.7962143411069947,4,0.4953948521905269,0.4904675414899085,lora4,lora4
hospital_2,1,frozen,0.26670428643266486,4,0.5865647886634329,0.46224880166117727,lora4,lora4
hospital_2,1,lora1,0.632455532033676,4,0.5519629429546165,0.538102474610662,lora4,lora4
hospital_2,1,lora4,0.6699308783156555,4,0.010269688456344314,0.0017375110094415883,lora4,lora4
hospital_2,1,aperture,0.532145011959762,4,0.5628538719056226,0.5338669136951268,lora4,lora4
hospital_2,2,frozen,1.0617688884619771,4,0.6590993162346793,0.6587916434220797,lora4,lora4
hospital_2,2,lora1,1.5886564694485632,4,0.6569064656343163,0.628608405897863,lora4,lora4
hospital_2,2,lora4,0.25178508235883346,4,0.09179373780440131,0.007621343700065991,lora4,lora4
hospital_2,2,aperture,0.2,4,0.446332113419557,0.09164135616389459,lora4,lora4
bridge_pick_place,0,frozen,2.5178508235883355,8,1.517179837191482,1.2996403036767539,lora1,lora4
bridge_pick_place,0,lora1,2.9924713121888673,8,1.5677533126584968,0.9588873793892144,lora1,lora4
bridge_pick_place,0,lora4,4.226978079673295,8,2.3417352918248056,0.8779322926676136,lora1,lora4
bridge_pick_place,0,aperture,1.3366878351372296,8,1.2571719974964655,1.2396234113971856,lora1,lora4
bridge_pick_place,1,frozen,4.477442277136681,8,1.8997928079755244,1.369695150695448,lora4,lora1
bridge_pick_place,1,lora1,0.2825075089245509,8,0.19173431998330515,0.09287489330557032,lora4,lora1
bridge_pick_place,1,lora4,1.5886564694485632,8,0.12246903222827998,0.11206782332056864,lora4,lora1
bridge_pick_place,1,aperture,0.7516748085768885,8,1.0682984437748149,1.049716982678011,lora4,lora1
bridge_pick_place,2,frozen,2.9924713121888673,8,1.6141742662640362,1.303322193942833,lora1,lora4
bridge_pick_place,2,lora1,3.1697863849222285,8,1.4668590852221461,0.7810367435923237,lora1,lora4
bridge_pick_place,2,lora4,4.477442277136681,8,1.5652298738213537,0.5518854803103477,lora1,lora4
bridge_pick_place,2,aperture,0.5636765862528909,8,0.9985975286013229,0.9357819807484898,lora1,lora4
droid_pick_place,0,frozen,4.226978079673295,8,1.8442774518801632,1.3768166514633493,lora1,lora4
droid_pick_place,0,lora1,2.5178508235883355,8,1.0586549714495164,0.7152379686990578,lora1,lora4
droid_pick_place,0,lora4,4.226978079673295,8,1.6663260475460324,0.6125399059492337,lora1,lora4
droid_pick_place,0,aperture,3.767298178979603,8,1.562709102457339,1.4005026873493003,lora1,lora4
droid_pick_place,1,frozen,5.32145011959762,8,1.8618357058370918,1.4006379687846584,lora1,lora4
droid_pick_place,1,lora1,3.767298178979603,8,1.879471133225398,1.322246782175052,lora1,lora4
droid_pick_place,1,lora4,12.619146889603869,8,8.000245766970124,1.2012017160043567,lora1,lora4
droid_pick_place,1,aperture,2.9924713121888673,8,1.515076471013728,1.3831312950894734,lora1,lora4
droid_pick_place,2,frozen,10.61768888461977,8,2.3896121358726923,1.4265816692772013,lora1,lora4
droid_pick_place,2,lora1,4.226978079673295,8,2.159881985685886,1.2704178948270137,lora1,lora4
droid_pick_place,2,lora4,5.023772863019162,8,2.5794100607784034,1.257183313972319,lora1,lora4
droid_pick_place,2,aperture,7.962143411069948,8,1.875992656815653,1.4243902013430585,lora1,lora4
droid_arti,0,frozen,3.1697863849222285,8,1.632724116365378,1.3498271322162962,lora1,lora1
droid_arti,0,lora1,0.7962143411069947,8,0.22923001858229813,0.21464611682574164,lora1,lora1
droid_arti,0,lora4,6.32455532033676,8,3.04689159080534,0.6579130753746012,lora1,lora1
droid_arti,0,aperture,0.709626778467151,8,1.1850498879506066,1.1693382411072237,lora1,lora1
droid_arti,1,frozen,3.1697863849222285,8,1.6447344734058336,1.3640410173654811,lora1,lora1
droid_arti,1,lora1,1.3366878351372296,8,0.43701294853448747,0.42097875175929256,lora1,lora1
droid_arti,1,lora4,5.32145011959762,8,1.5727816001701762,0.5593940808671904,lora1,lora1
droid_arti,1,aperture,0.5636765862528909,8,1.1496764695509827,1.0947100426602987,lora1,lora1
droid_arti,2,frozen,3.9905246299377604,8,1.7609912762321214,1.3701375961744926,lora1,lora4
droid_arti,2,lora1,0.7962143411069947,8,0.6357031688867002,0.619589031878702,lora1,lora4
droid_arti,2,lora4,2.377004454874037,8,0.7054711479747108,0.388768383481899,lora1,lora4
droid_arti,2,aperture,2.0000000000000004,8,1.4121163443619331,1.3449032162314178,lora1,lora4
