domain,support_seed,method,count,macro_f1,balanced_accuracy,nll,brier,ece
hawaii-wildfire,0,Frozen,300,0.2003045404208195,0.3466666666666667,1.282974471723114,0.7631042646036119,0.22048199283567538
hawaii-wildfire,0,Frozen + T,300,0.2003045404208195,0.3466666666666667,1.1077325571995487,0.6722707082826773,0.040687584205897576
hawaii-wildfire,0,Frozen + all-support bias,300,0.3303288702948578,0.34,1.1448403912232121,0.692361641295109,0.1030716946841604
hawaii-wildfire,0,LoRA-1pass,300,0.21135946132360872,0.3233333333333333,1.1995637677483726,0.7351765101431279,0.19529660195819065
hawaii-wildfire,0,LoRA-1pass + T,300,0.21135946132360872,0.3233333333333333,1.1072187486271299,0.6727169608065364,0.06449420438031708
hawaii-wildfire,0,LoRA-4passes,300,0.2832321582436072,0.3433333333333333,1.1359429436327282,0.6900300049801246,0.0835409532145838
hawaii-wildfire,0,LoRA-4passes + T,300,0.2832321582436072,0.3433333333333333,1.1098259384451197,0.6739917787602254,0.03935971005068535
hawaii-wildfire,0,Aperture,300,0.30067067266617303,0.33666666666666667,1.1548243110481844,0.6995905772242927,0.10058380182761015
hawaii-wildfire,0,Aperture + T,300,0.30067067266617303,0.33666666666666667,1.1078039105053,0.6726863290250024,0.03613932776014938
hawaii-wildfire,0,LoRA-selected,300,0.2832321582436072,0.3433333333333333,1.1359429436327282,0.6900300049801246,0.0835409532145838
hawaii-wildfire,0,LoRA-selected + T,300,0.2832321582436072,0.3433333333333333,1.1098259384451197,0.6739917787602254,0.03935971005068535
hawaii-wildfire,1,Frozen,300,0.2003045404208195,0.3466666666666667,1.282974471723114,0.7631042646036119,0.22048199283567538
hawaii-wildfire,1,Frozen + T,300,0.2003045404208195,0.3466666666666667,1.1465486137372105,0.6945435538628072,0.10921660356066312
hawaii-wildfire,1,Frozen + all-support bias,300,0.3400270364556079,0.3566666666666667,1.1448352504669026,0.6917982300133013,0.11540158523793728
hawaii-wildfire,1,LoRA-1pass,300,0.30463369888456127,0.3566666666666667,1.171978720091732,0.7037728495451534,0.09881866521349116
hawaii-wildfire,1,LoRA-1pass + T,300,0.30463369888456127,0.3566666666666667,1.288445919469,0.7476234239275735,0.16284474786190528
hawaii-wildfire,1,LoRA-4passes,300,0.3166313697806364,0.3666666666666667,1.1653561528875431,0.7021990001094425,0.1293507175160464
hawaii-wildfire,1,LoRA-4passes + T,300,0.3166313697806364,0.3666666666666667,1.5726470491523559,0.8430593906097491,0.28603829850472023
hawaii-wildfire,1,Aperture,300,0.3134489302967564,0.38999999999999996,1.4206922936035629,0.7705089175019559,0.14224339931113533
hawaii-wildfire,1,Aperture + T,300,0.3134489302967564,0.38999999999999996,1.1513647716700175,0.6930379718446188,0.07260766159937732
hawaii-wildfire,1,LoRA-selected,300,0.3166313697806364,0.3666666666666667,1.1653561528875431,0.7021990001094425,0.1293507175160464
hawaii-wildfire,1,LoRA-selected + T,300,0.3166313697806364,0.3666666666666667,1.5726470491523559,0.8430593906097491,0.28603829850472023
hawaii-wildfire,2,Frozen,300,0.2003045404208195,0.3466666666666667,1.282974471723114,0.7631042646036119,0.22048199283567538
hawaii-wildfire,2,Frozen + T,300,0.2003045404208195,0.3466666666666667,1.1066796045102767,0.6716343991819362,0.037649253306361395
hawaii-wildfire,2,Frozen + all-support bias,300,0.35789496851909197,0.35999999999999993,1.1424626621259872,0.6894700521402283,0.07913145768136881
hawaii-wildfire,2,LoRA-1pass,300,0.21860560212635452,0.33,1.1873136943398763,0.7243761030771005,0.1869683734927378
hawaii-wildfire,2,LoRA-1pass + T,300,0.21860560212635452,0.33,1.1015156269443969,0.6685536377312318,0.04850722515339965
hawaii-wildfire,2,LoRA-4passes,300,0.3062102775382453,0.3566666666666667,1.1902456336552814,0.7167478164936327,0.16903839480960361
hawaii-wildfire,2,LoRA-4passes + T,300,0.3062102775382453,0.3566666666666667,1.0924651095812286,0.6628014032203188,0.03022283924337981
hawaii-wildfire,2,Aperture,300,0.29898905203380627,0.35000000000000003,1.181299054990998,0.7117161584254766,0.14541411838364401
hawaii-wildfire,2,Aperture + T,300,0.29898905203380627,0.35000000000000003,1.1154780599161718,0.676478583663251,0.06591109893746419
hawaii-wildfire,2,LoRA-selected,300,0.21860560212635452,0.33,1.1873136943398763,0.7243761030771005,0.1869683734927378
hawaii-wildfire,2,LoRA-selected + T,300,0.3062102775382453,0.3566666666666667,1.0924651095812286,0.6628014032203188,0.03022283924337981
libya-flood,0,Frozen,300,0.29029325890151864,0.38333333333333336,1.3002789755201976,0.7537016482712459,0.18858643411600878
libya-flood,0,Frozen + T,300,0.29029325890151864,0.38333333333333336,1.0952894847521664,0.6644343403643584,0.013706252421180577
libya-flood,0,Frozen + all-support bias,300,0.36805214479293363,0.3866666666666667,1.0981843841216024,0.6653545181127347,0.06892069956846318
libya-flood,0,LoRA-1pass,300,0.2868453143552564,0.37333333333333335,1.3978636457756644,0.7736826047611477,0.20978763717326326
libya-flood,0,LoRA-1pass + T,300,0.2868453143552564,0.37333333333333335,1.0976490311065035,0.6658706875238352,0.007730905559994198
libya-flood,0,LoRA-4passes,300,0.33874997068167073,0.35000000000000003,1.150070405128196,0.6950284156820582,0.1288500739812103
libya-flood,0,LoRA-4passes + T,300,0.33874997068167073,0.35000000000000003,1.093060931282287,0.663008218703122,0.012345525796971379
libya-flood,0,Aperture,300,0.32321720522342695,0.33666666666666667,1.1542995294120972,0.7022679839526904,0.14892754678901257
libya-flood,0,Aperture + T,300,0.32321720522342695,0.33666666666666667,1.1014278333424063,0.6689720709493421,0.047093776987123664
libya-flood,0,LoRA-selected,300,0.33874997068167073,0.35000000000000003,1.150070405128196,0.6950284156820582,0.1288500739812103
libya-flood,0,LoRA-selected + T,300,0.2868453143552564,0.37333333333333335,1.0976490311065035,0.6658706875238352,0.007730905559994198
libya-flood,1,Frozen,300,0.29029325890151864,0.38333333333333336,1.3002789755201976,0.7537016482712459,0.18858643411600878
libya-flood,1,Frozen + T,300,0.29029325890151864,0.38333333333333336,1.0991792803419507,0.666728718640239,0.025793435984801293
libya-flood,1,Frozen + all-support bias,300,0.36805214479293363,0.3866666666666667,1.09879176244725,0.6659614511806999,0.08705513803078649
libya-flood,1,LoRA-1pass,300,0.2861217434251142,0.38000000000000006,1.2884827286443752,0.7529550214132993,0.18886261263367615
libya-flood,1,LoRA-1pass + T,300,0.2861217434251142,0.38000000000000006,1.0979328064074791,0.6661203656001004,0.011764209364445452
libya-flood,1,LoRA-4passes,300,0.317220120498809,0.4066666666666667,1.1064314261568013,0.6702199477711832,0.0685283994827374
libya-flood,1,LoRA-4passes + T,300,0.317220120498809,0.4066666666666667,1.0871464021156083,0.6584610203288296,0.020763869797808223
libya-flood,1,Aperture,300,0.30039822719160164,0.36000000000000004,1.1373735042449626,0.6890789779271864,0.1045494634703067
libya-flood,1,Aperture + T,300,0.30039822719160164,0.36000000000000004,1.119148736588838,0.6784725408270897,0.07768534911910328
libya-flood,1,LoRA-selected,300,0.317220120498809,0.4066666666666667,1.1064314261568013,0.6702199477711832,0.0685283994827374
libya-flood,1,LoRA-selected + T,300,0.317220120498809,0.4066666666666667,1.0871464021156083,0.6584610203288296,0.020763869797808223
libya-flood,2,Frozen,300,0.29029325890151864,0.38333333333333336,1.3002789755201976,0.7537016482712459,0.18858643411600878
libya-flood,2,Frozen + T,300,0.29029325890151864,0.38333333333333336,1.1013626505119427,0.6679868634194622,0.043225395684773425
libya-flood,2,Frozen + all-support bias,300,0.3422038834882872,0.37000000000000005,1.0976291028982492,0.6639199612293241,0.08858734622593534
libya-flood,2,LoRA-1pass,300,0.3258446040997264,0.39999999999999997,1.4045392696096086,0.7596397155645087,0.14753722228236618
libya-flood,2,LoRA-1pass + T,300,0.3258446040997264,0.39999999999999997,1.103814291279793,0.6690557933436638,0.011174191985032337
libya-flood,2,LoRA-4passes,300,0.3703938732303056,0.38999999999999996,1.142668218857787,0.6893730484984892,0.11827983355075769
libya-flood,2,LoRA-4passes + T,300,0.3703938732303056,0.38999999999999996,1.1350534080445993,0.6856254636583261,0.09648989007548181
libya-flood,2,Aperture,300,0.4202041971438524,0.43,1.0943910685180367,0.6623092951887687,0.08255005361522058
libya-flood,2,Aperture + T,300,0.4202041971438524,0.43,1.0862768178413664,0.6584228025508164,0.0655021324314883
libya-flood,2,LoRA-selected,300,0.3703938732303056,0.38999999999999996,1.142668218857787,0.6893730484984892,0.11827983355075769
libya-flood,2,LoRA-selected + T,300,0.3703938732303056,0.38999999999999996,1.1350534080445993,0.6856254636583261,0.09648989007548181
noto-earthquake,0,Frozen,300,0.188229238160604,0.32,1.2860715061244987,0.7671571500158717,0.2475208115467692
noto-earthquake,0,Frozen + T,300,0.188229238160604,0.32,1.1011519356819177,0.6685048445517436,0.07333818656932095
noto-earthquake,0,Frozen + all-support bias,300,0.36604196149146206,0.36999999999999994,1.1140889702414227,0.6752493557120574,0.07684762104855448
noto-earthquake,0,LoRA-1pass,300,0.28172102251384684,0.3433333333333333,1.1117672306725341,0.6745401015427874,0.09829866990402636
noto-earthquake,0,LoRA-1pass + T,300,0.28172102251384684,0.3433333333333333,1.093779686148312,0.6633524065743188,0.026374634701294624
noto-earthquake,0,LoRA-4passes,300,0.3912591664709413,0.4066666666666667,1.1298199558071793,0.6775899158026976,0.08212797783784287
noto-earthquake,0,LoRA-4passes + T,300,0.3912591664709413,0.4066666666666667,1.0900574215988603,0.660804889893306,0.040870159198678896
noto-earthquake,0,Aperture,300,0.3249929035532751,0.36999999999999994,1.111019436867921,0.6724849621990435,0.0960207191195874
noto-earthquake,0,Aperture + T,300,0.3249929035532751,0.36999999999999994,1.0905934094745726,0.661292789240817,0.011796724456768937
noto-earthquake,0,LoRA-selected,300,0.28172102251384684,0.3433333333333333,1.1117672306725341,0.6745401015427874,0.09829866990402636
noto-earthquake,0,LoRA-selected + T,300,0.3912591664709413,0.4066666666666667,1.0900574215988603,0.660804889893306,0.040870159198678896
noto-earthquake,1,Frozen,300,0.188229238160604,0.32,1.2860715061244987,0.7671571500158717,0.2475208115467692
noto-earthquake,1,Frozen + T,300,0.188229238160604,0.32,1.1088437763477752,0.6735272090353366,0.08333641460686908
noto-earthquake,1,Frozen + all-support bias,300,0.3499478144643559,0.3566666666666667,1.1106775231834214,0.6724462292880367,0.0700510270243889
noto-earthquake,1,LoRA-1pass,300,0.2034583063994829,0.32,1.2805908725109005,0.7595453229729972,0.22458450571103358
noto-earthquake,1,LoRA-1pass + T,300,0.2034583063994829,0.32,1.1131001846725126,0.6761573723910571,0.08552579756527054
noto-earthquake,1,LoRA-4passes,300,0.3285204573714409,0.3666666666666667,1.1458940458398161,0.6967394767978305,0.11357692278053373
noto-earthquake,1,LoRA-4passes + T,300,0.3285204573714409,0.3666666666666667,1.1095617190458114,0.6745143097139412,0.05996034929181286
noto-earthquake,1,Aperture,300,0.3544178596334158,0.3633333333333333,1.1160200829147475,0.6779509526969946,0.0825864449633309
noto-earthquake,1,Aperture + T,300,0.3544178596334158,0.3633333333333333,1.104358303869076,0.6705795153048418,0.059467766609992805
noto-earthquake,1,LoRA-selected,300,0.3285204573714409,0.3666666666666667,1.1458940458398161,0.6967394767978305,0.11357692278053373
noto-earthquake,1,LoRA-selected + T,300,0.3285204573714409,0.3666666666666667,1.1095617190458114,0.6745143097139412,0.05996034929181286
noto-earthquake,2,Frozen,300,0.188229238160604,0.32,1.2860715061244987,0.7671571500158717,0.2475208115467692
noto-earthquake,2,Frozen + T,300,0.188229238160604,0.32,1.1712145714795,0.7099727751256862,0.16897130578350597
noto-earthquake,2,Frozen + all-support bias,300,0.3740922384363203,0.37333333333333335,1.1109248702299643,0.6736638544933354,0.09999511451692536
noto-earthquake,2,LoRA-1pass,300,0.19266992305973243,0.3433333333333333,1.27833280721388,0.7779375190468477,0.2725848627628566
noto-earthquake,2,LoRA-1pass + T,300,0.19266992305973243,0.3433333333333333,1.173367472474204,0.7150304865967547,0.18433020993940888
noto-earthquake,2,LoRA-4passes,300,0.3201184831758907,0.33666666666666667,1.131437587162225,0.6820900433675953,0.12075176672469168
noto-earthquake,2,LoRA-4passes + T,300,0.3201184831758907,0.33666666666666667,1.2191782194086564,0.7194224153549448,0.18237110765549464
noto-earthquake,2,Aperture,300,0.3449130040937478,0.35666666666666663,1.1017416414601333,0.6697515903829627,0.07617066827582253
noto-earthquake,2,Aperture + T,300,0.3449130040937478,0.35666666666666663,1.4727434552379854,0.8291252162834126,0.2961852017509133
noto-earthquake,2,LoRA-selected,300,0.3201184831758907,0.33666666666666667,1.131437587162225,0.6820900433675953,0.12075176672469168
noto-earthquake,2,LoRA-selected + T,300,0.3201184831758907,0.33666666666666667,1.2191782194086564,0.7194224153549448,0.18237110765549464
turkey-earthquake,0,Frozen,300,0.24576713748337453,0.3466666666666667,1.3887789541137248,0.7906882800476721,0.2348292851711103
turkey-earthquake,0,Frozen + T,300,0.24576713748337453,0.3466666666666667,1.1217808224619958,0.680128606232444,0.050914197007554854
turkey-earthquake,0,Frozen + all-support bias,300,0.30206602747586353,0.33,1.2535460734463835,0.7459034098389571,0.1669946928271615
turkey-earthquake,0,LoRA-1pass,300,0.2697632179325315,0.3433333333333333,1.2302218004230803,0.7398211387347144,0.1727000194243894
turkey-earthquake,0,LoRA-1pass + T,300,0.2697632179325315,0.3433333333333333,1.1187616858660026,0.6793178715325194,0.06888533703957192
turkey-earthquake,0,LoRA-4passes,300,0.4443560603476819,0.44,1.1351766943618775,0.6660254397233406,0.07559928351351795
turkey-earthquake,0,LoRA-4passes + T,300,0.4443560603476819,0.44,1.0987644917239576,0.6556373594393372,0.05194018776819997
turkey-earthquake,0,Aperture,300,0.3459109578976693,0.3633333333333333,1.0889854318739756,0.6615376553369796,0.08361771477007426
turkey-earthquake,0,Aperture + T,300,0.3459109578976693,0.3633333333333333,1.0774912743347147,0.6541629789367294,0.05245897647375434
turkey-earthquake,0,LoRA-selected,300,0.4443560603476819,0.44,1.1351766943618775,0.6660254397233406,0.07559928351351795
turkey-earthquake,0,LoRA-selected + T,300,0.4443560603476819,0.44,1.0987644917239576,0.6556373594393372,0.05194018776819997
turkey-earthquake,1,Frozen,300,0.24576713748337453,0.3466666666666667,1.3887789541137248,0.7906882800476721,0.2348292851711103
turkey-earthquake,1,Frozen + T,300,0.24576713748337453,0.3466666666666667,1.1409234186291641,0.6902491890172293,0.08009612052115217
turkey-earthquake,1,Frozen + all-support bias,300,0.3235131820968731,0.32666666666666666,1.230506397025087,0.738382202541136,0.1517215683823534
turkey-earthquake,1,LoRA-1pass,300,0.29945829200743596,0.3666666666666667,1.2123203570409586,0.718315478249556,0.11506727106058783
turkey-earthquake,1,LoRA-1pass + T,300,0.29945829200743596,0.3666666666666667,1.13120582723293,0.6838735569195329,0.05223710224293403
turkey-earthquake,1,LoRA-4passes,300,0.35613158500115016,0.4166666666666667,1.1091629037559765,0.6757063300224483,0.09569235446072184
turkey-earthquake,1,LoRA-4passes + T,300,0.35613158500115016,0.4166666666666667,1.0803174677204628,0.6577990496533505,0.05872492302282288
turkey-earthquake,1,Aperture,300,0.30651875995407235,0.3666666666666667,1.1752386044220455,0.7056620608934001,0.10591167980881931
turkey-earthquake,1,Aperture + T,300,0.30651875995407235,0.3666666666666667,1.285320594562822,0.7507110201421805,0.17582588814005506
turkey-earthquake,1,LoRA-selected,300,0.35613158500115016,0.4166666666666667,1.1091629037559765,0.6757063300224483,0.09569235446072184
turkey-earthquake,1,LoRA-selected + T,300,0.35613158500115016,0.4166666666666667,1.0803174677204628,0.6577990496533505,0.05872492302282288
turkey-earthquake,2,Frozen,300,0.24576713748337453,0.3466666666666667,1.3887789541137248,0.7906882800476721,0.2348292851711103
turkey-earthquake,2,Frozen + T,300,0.24576713748337453,0.3466666666666667,1.1217808224619958,0.680128606232444,0.050914197007554854
turkey-earthquake,2,Frozen + all-support bias,300,0.28848539374855164,0.3133333333333333,1.2457535254436485,0.7474390250866448,0.18496795675899694
turkey-earthquake,2,LoRA-1pass,300,0.24526515151515152,0.3233333333333333,1.2026530899706855,0.7377489971656508,0.19509949436253093
turkey-earthquake,2,LoRA-1pass + T,300,0.24526515151515152,0.3233333333333333,1.1125608687597857,0.6762358634989345,0.08081952236201531
turkey-earthquake,2,LoRA-4passes,300,0.3801002389207917,0.4000000000000001,1.2063169687054762,0.7080727214404589,0.12098023871088767
turkey-earthquake,2,LoRA-4passes + T,300,0.3801002389207917,0.4000000000000001,1.1088450113698314,0.6701081807961022,0.028527824477752407
turkey-earthquake,2,Aperture,300,0.3322841695433552,0.35333333333333333,1.1331382998689212,0.6863828371485929,0.0897951069301265
turkey-earthquake,2,Aperture + T,300,0.3322841695433552,0.35333333333333333,1.101172329695936,0.6680541260787265,0.032534874205568616
turkey-earthquake,2,LoRA-selected,300,0.3801002389207917,0.4000000000000001,1.2063169687054762,0.7080727214404589,0.12098023871088767
turkey-earthquake,2,LoRA-selected + T,300,0.3801002389207917,0.4000000000000001,1.1088450113698314,0.6701081807961022,0.028527824477752407
hospital_2,0,Frozen,300,0.5421324961844375,0.59,0.6668828552380931,0.47455183775865634,0.04348660386521998
hospital_2,0,Frozen + T,300,0.5421324961844375,0.59,0.8597875708678904,0.5801728225828032,0.22581208936609332
hospital_2,0,Frozen + all-support bias,300,0.578335832083958,0.6,0.6515506843716188,0.4598195298498776,0.015118679063193328
hospital_2,0,LoRA-1pass,300,0.35356123696930875,0.5066666666666666,0.7249844774071389,0.5305299028664984,0.18387718106056883
hospital_2,0,LoRA-1pass + T,300,0.35356123696930875,0.5066666666666666,0.7125674482705328,0.5195864156735016,0.16825206745276539
hospital_2,0,LoRA-4passes,300,0.7023809523809523,0.7066666666666667,0.8694852188408049,0.4619468313258739,0.183619179843102
hospital_2,0,LoRA-4passes + T,300,0.7023809523809523,0.7066666666666667,1.191606011720639,0.49340886064096345,0.21886638480407436
hospital_2,0,Aperture,300,0.5095199474761518,0.5766666666666667,0.6302021998335351,0.44356405637281643,0.09811588945699337
hospital_2,0,Aperture + T,300,0.5095199474761518,0.5766666666666667,0.6407436611984356,0.4520324878852731,0.12020303426589021
hospital_2,0,LoRA-selected,300,0.7023809523809523,0.7066666666666667,0.8694852188408049,0.4619468313258739,0.183619179843102
hospital_2,0,LoRA-selected + T,300,0.7023809523809523,0.7066666666666667,1.191606011720639,0.49340886064096345,0.21886638480407436
hospital_2,1,Frozen,300,0.5421324961844375,0.59,0.6668828552380931,0.47455183775865634,0.04348660386521998
hospital_2,1,Frozen + T,300,0.5421324961844375,0.59,0.8855647271697019,0.5895062616159411,0.2351229550462146
hospital_2,1,Frozen + all-support bias,300,0.578335832083958,0.6,0.6560916684535618,0.4641857012361306,0.036942282016012636
hospital_2,1,LoRA-1pass,300,0.5423950414023534,0.5800000000000001,0.6672233258572443,0.47767777441708487,0.07374562317564579
hospital_2,1,LoRA-1pass + T,300,0.5423950414023534,0.5800000000000001,0.7191060749046614,0.5103814397642583,0.13053328932729247
hospital_2,1,LoRA-4passes,300,0.5604395604395604,0.6,1.9802086954746596,0.7143720774164302,0.3368428530260206
hospital_2,1,LoRA-4passes + T,300,0.5604395604395604,0.6,2.8944102090095893,0.7401480138132193,0.35753565137561893
hospital_2,1,Aperture,300,0.6758563074352548,0.6766666666666667,0.593131654283494,0.4094992428265065,0.03433257943622484
hospital_2,1,Aperture + T,300,0.6758563074352548,0.6766666666666667,0.5971508188628271,0.4141950747920741,0.08632681843170603
hospital_2,1,LoRA-selected,300,0.5604395604395604,0.6,1.9802086954746596,0.7143720774164302,0.3368428530260206
hospital_2,1,LoRA-selected + T,300,0.5604395604395604,0.6,2.8944102090095893,0.7401480138132193,0.35753565137561893
hospital_2,2,Frozen,300,0.5421324961844375,0.59,0.6668828552380931,0.47455183775865634,0.04348660386521998
hospital_2,2,Frozen + T,300,0.5421324961844375,0.59,0.6663489456512224,0.4740258351302944,0.020416820655652312
hospital_2,2,Frozen + all-support bias,300,0.626006581385685,0.6299999999999999,0.6501060563620491,0.45844960584114536,0.047016354753956956
hospital_2,2,LoRA-1pass,300,0.3464052287581699,0.5033333333333333,0.8191274427367571,0.6013356041009184,0.25653726830828133
hospital_2,2,LoRA-1pass + T,300,0.3464052287581699,0.5033333333333333,0.7281662092870175,0.5335652460646196,0.18320430420728084
hospital_2,2,LoRA-4passes,300,0.6659580929243851,0.67,1.1280851696860161,0.5582170102060003,0.2606399728017143
hospital_2,2,LoRA-4passes + T,300,0.6659580929243851,0.67,4.150491127746744,0.6363385952313318,0.31144417562400095
hospital_2,2,Aperture,300,0.6645195920558239,0.6666666666666667,0.5993898407649733,0.415177099730023,0.054388249794472224
hospital_2,2,Aperture + T,300,0.6645195920558239,0.6666666666666667,0.8377552122721107,0.49584850100304084,0.1791935004326246
hospital_2,2,LoRA-selected,300,0.6659580929243851,0.67,1.1280851696860161,0.5582170102060003,0.2606399728017143
hospital_2,2,LoRA-selected + T,300,0.6659580929243851,0.67,4.150491127746744,0.6363385952313318,0.31144417562400095
bridge_pick_place,0,Frozen,400,0.23000187778191095,0.32,1.673655849195668,0.8656865125299809,0.31177284101347424
bridge_pick_place,0,Frozen + T,400,0.23000187778191095,0.32,1.3508143071953225,0.7329158071455327,0.12113804344315662
bridge_pick_place,0,Frozen + all-support bias,400,0.44351718934503215,0.44499999999999995,1.2350778466526848,0.6637908266717062,0.05207375657127369
bridge_pick_place,0,LoRA-1pass,400,0.726835068961005,0.7275,1.0312127220985194,0.43297206307751296,0.19125841338188332
bridge_pick_place,0,LoRA-1pass + T,400,0.726835068961005,0.7275,0.7122646482118117,0.36621289640616345,0.07469683380903325
bridge_pick_place,0,LoRA-4passes,400,0.7604486957369168,0.7625,1.4101237014592334,0.4276041502594376,0.20218665714083622
bridge_pick_place,0,LoRA-4passes + T,400,0.7604486957369168,0.7625,0.644959672017398,0.32673834534840185,0.09231631694929857
bridge_pick_place,0,Aperture,400,0.45356274208012737,0.4625,1.177439752416305,0.6432028380227002,0.06343915918744965
bridge_pick_place,0,Aperture + T,400,0.45356274208012737,0.4625,1.1899163546635807,0.6487473923636622,0.04490262358884699
bridge_pick_place,0,LoRA-selected,400,0.726835068961005,0.7275,1.0312127220985194,0.43297206307751296,0.19125841338188332
bridge_pick_place,0,LoRA-selected + T,400,0.7604486957369168,0.7625,0.644959672017398,0.32673834534840185,0.09231631694929857
bridge_pick_place,1,Frozen,400,0.23000187778191095,0.32,1.673655849195668,0.8656865125299809,0.31177284101347424
bridge_pick_place,1,Frozen + T,400,0.23000187778191095,0.32,1.3354362455421325,0.7245582357824825,0.05330314990072907
bridge_pick_place,1,Frozen + all-support bias,400,0.4457564235389194,0.4475,1.2340413545396203,0.6626043494719507,0.05161786985048369
bridge_pick_place,1,LoRA-1pass,400,0.7996338396326741,0.8,0.6340049529370468,0.3039300724597176,0.08644793187561192
bridge_pick_place,1,LoRA-1pass + T,400,0.7996338396326741,0.8,1.7292560300048405,0.36396473154101266,0.16763854128448966
bridge_pick_place,1,LoRA-4passes,400,0.8120432831343584,0.8125,2.1898409636201395,0.36058112930409764,0.17786279294528315
bridge_pick_place,1,LoRA-4passes + T,400,0.8120432831343584,0.8125,1.3971872404259633,0.3506874263013905,0.16718914132809845
bridge_pick_place,1,Aperture,400,0.5116861878709281,0.51,1.1219770596678995,0.6082161392871179,0.05372936074473068
bridge_pick_place,1,Aperture + T,400,0.5116861878709281,0.51,1.117194157971325,0.6059044078138398,0.04888099918662556
bridge_pick_place,1,LoRA-selected,400,0.8120432831343584,0.8125,2.1898409636201395,0.36058112930409764,0.17786279294528315
bridge_pick_place,1,LoRA-selected + T,400,0.7996338396326741,0.8,1.7292560300048405,0.36396473154101266,0.16763854128448966
bridge_pick_place,2,Frozen,400,0.23000187778191095,0.32,1.673655849195668,0.8656865125299809,0.31177284101347424
bridge_pick_place,2,Frozen + T,400,0.23000187778191095,0.32,1.3401084860508843,0.727307249619464,0.08616894334772465
bridge_pick_place,2,Frozen + all-support bias,400,0.4556118582430883,0.45999999999999996,1.239836324441156,0.6648920952386073,0.04356007794755698
bridge_pick_place,2,LoRA-1pass,400,0.7825569770935903,0.7825,0.9085581986943505,0.35838880163321235,0.15173876843269285
bridge_pick_place,2,LoRA-1pass + T,400,0.7825569770935903,0.7825,0.622345942066813,0.3187100871915379,0.07129147695428237
bridge_pick_place,2,LoRA-4passes,400,0.7537950282949513,0.7549999999999999,2.5358866089247143,0.4746741467071095,0.2377256008156869
bridge_pick_place,2,LoRA-4passes + T,400,0.7537950282949513,0.7549999999999999,0.7303002126347659,0.3792356767177269,0.11138698380321455
bridge_pick_place,2,Aperture,400,0.5391373799045656,0.5425,1.1136343874780583,0.6072009997340957,0.07925374821362553
bridge_pick_place,2,Aperture + T,400,0.5391373799045656,0.5425,1.1203174577161277,0.6116733794896645,0.08380938886460512
bridge_pick_place,2,LoRA-selected,400,0.7825569770935903,0.7825,0.9085581986943505,0.35838880163321235,0.15173876843269285
bridge_pick_place,2,LoRA-selected + T,400,0.7537950282949513,0.7549999999999999,0.7303002126347659,0.3792356767177269,0.11138698380321455
droid_pick_place,0,Frozen,400,0.15521707315978256,0.2725,1.9160285434795536,0.9548967770933904,0.37478983535985816
droid_pick_place,0,Frozen + T,400,0.15521707315978256,0.2725,1.4044636203660255,0.7575257646330606,0.07580876586010181
droid_pick_place,0,Frozen + all-support bias,400,0.31002957507113516,0.31,1.4834749341932465,0.7861291115391381,0.14053452686751644
droid_pick_place,0,LoRA-1pass,400,0.6319179084166836,0.6325,1.3264212789742564,0.5662135686906286,0.22559245497857597
droid_pick_place,0,LoRA-1pass + T,400,0.6319179084166836,0.6325,0.9047415203554062,0.48236061102052064,0.04041804564270089
droid_pick_place,0,LoRA-4passes,400,0.6765188891443844,0.6775,2.1368895422119243,0.5820444034334408,0.26832420584802746
droid_pick_place,0,LoRA-4passes + T,400,0.6765188891443844,0.6775,0.8495168052320811,0.4453656550525952,0.07491415384674865
droid_pick_place,0,Aperture,400,0.26763876416871407,0.325,1.359114847440312,0.7366243013456426,0.09607504140669264
droid_pick_place,0,Aperture + T,400,0.26763876416871407,0.325,1.3519727763571665,0.7325520813128853,0.03198530183115736
droid_pick_place,0,LoRA-selected,400,0.6319179084166836,0.6325,1.3264212789742564,0.5662135686906286,0.22559245497857597
droid_pick_place,0,LoRA-selected + T,400,0.6765188891443844,0.6775,0.8495168052320811,0.4453656550525952,0.07491415384674865
droid_pick_place,1,Frozen,400,0.15521707315978256,0.2725,1.9160285434795536,0.9548967770933904,0.37478983535985816
droid_pick_place,1,Frozen + T,400,0.15521707315978256,0.2725,1.3944712852706775,0.7530556683699668,0.05471086681701336
droid_pick_place,1,Frozen + all-support bias,400,0.32796131896940967,0.335,1.4867620530665238,0.7815552156305565,0.11586945685184684
droid_pick_place,1,LoRA-1pass,400,0.6841228070175438,0.685,0.8995082775748443,0.4546052329084413,0.14549930761596538
droid_pick_place,1,LoRA-1pass + T,400,0.6841228070175438,0.685,0.9395605483037311,0.49476539550811155,0.20408946206210837
droid_pick_place,1,LoRA-4passes,400,0.665911072498639,0.6775,4.342621253807748,0.6193371668859237,0.30387068043962956
droid_pick_place,1,LoRA-4passes + T,400,0.665911072498639,0.6775,0.9342374455958581,0.4854917659084235,0.11822480261042737
droid_pick_place,1,Aperture,400,0.3914187508272614,0.4225,1.3052745765747693,0.7080728285924361,0.07325906471064005
droid_pick_place,1,Aperture + T,400,0.3914187508272614,0.4225,1.3147887571436256,0.7135554573121431,0.10539169030848491
droid_pick_place,1,LoRA-selected,400,0.6841228070175438,0.685,0.8995082775748443,0.4546052329084413,0.14549930761596538
droid_pick_place,1,LoRA-selected + T,400,0.665911072498639,0.6775,0.9342374455958581,0.4854917659084235,0.11822480261042737
droid_pick_place,2,Frozen,400,0.15521707315978256,0.2725,1.9160285434795536,0.9548967770933904,0.37478983535985816
droid_pick_place,2,Frozen + T,400,0.15521707315978256,0.2725,1.384323635675223,0.7487222776888158,0.037873561862032716
droid_pick_place,2,Frozen + all-support bias,400,0.32696218054249465,0.33,1.4856346467511725,0.7822147324794176,0.13640930644040541
droid_pick_place,2,LoRA-1pass,400,0.6486561672724009,0.65,1.1050006171946563,0.5267943030299503,0.17590629173544414
droid_pick_place,2,LoRA-1pass + T,400,0.6486561672724009,0.65,1.0159036600390494,0.535081918263857,0.19075735979866695
droid_pick_place,2,LoRA-4passes,400,0.6947762798205694,0.6975,1.190667989556696,0.48631542916155057,0.19473042183579586
droid_pick_place,2,LoRA-4passes + T,400,0.6947762798205694,0.6975,0.9011256805233202,0.46961496687834176,0.18159103762412424
droid_pick_place,2,Aperture,400,0.2502832582968255,0.3225,1.3813737239157917,0.7449909839910661,0.1326666535091936
droid_pick_place,2,Aperture + T,400,0.2502832582968255,0.3225,1.3684928266783956,0.740994595789808,0.049535495454913994
droid_pick_place,2,LoRA-selected,400,0.6486561672724009,0.65,1.1050006171946563,0.5267943030299503,0.17590629173544414
droid_pick_place,2,LoRA-selected + T,400,0.6947762798205694,0.6975,0.9011256805233202,0.46961496687834176,0.18159103762412424
droid_arti,0,Frozen,400,0.13438187621771752,0.26,1.9831956650737115,0.9818677613790945,0.3751877254800546
droid_arti,0,Frozen + T,400,0.13438187621771752,0.26,1.4588107000414803,0.7824381657072286,0.11659385674667642
droid_arti,0,Frozen + all-support bias,400,0.2774925743693868,0.27749999999999997,1.5705478455772282,0.8165593991072878,0.1559906871483664
droid_arti,0,LoRA-1pass,400,0.7157771737311834,0.7150000000000001,0.7926007003763529,0.4195002736268903,0.08405981605329779
droid_arti,0,LoRA-1pass + T,400,0.7157771737311834,0.7150000000000001,0.8675411138410927,0.4361771209218786,0.12928201950591356
droid_arti,0,LoRA-4passes,400,0.783602853682539,0.7849999999999999,2.5343477955682587,0.41640432569684477,0.20140124909628615
droid_arti,0,LoRA-4passes + T,400,0.783602853682539,0.7849999999999999,0.6507870635070797,0.32741517527565167,0.07434810944658568
droid_arti,0,Aperture,400,0.2771804361027459,0.3075,1.4716800152642657,0.7756413284878323,0.1364614903118331
droid_arti,0,Aperture + T,400,0.2771804361027459,0.3075,1.585563991740047,0.8147974633993215,0.19960225182746785
droid_arti,0,LoRA-selected,400,0.7157771737311834,0.7150000000000001,0.7926007003763529,0.4195002736268903,0.08405981605329779
droid_arti,0,LoRA-selected + T,400,0.7157771737311834,0.7150000000000001,0.8675411138410927,0.4361771209218786,0.12928201950591356
droid_arti,1,Frozen,400,0.13438187621771752,0.26,1.9831956650737115,0.9818677613790945,0.3751877254800546
droid_arti,1,Frozen + T,400,0.13438187621771752,0.26,1.4588107000414803,0.7824381657072286,0.11659385674667642
droid_arti,1,Frozen + all-support bias,400,0.26744820609365316,0.265,1.5740987904958859,0.8205546554484892,0.16954703223067996
droid_arti,1,LoRA-1pass,400,0.635407555335754,0.6325,1.6719108843678239,0.5998418191030922,0.2736027674728936
droid_arti,1,LoRA-1pass + T,400,0.635407555335754,0.6325,1.3227140496518754,0.5659320412789435,0.24093009472506438
droid_arti,1,LoRA-4passes,400,0.7248084349773186,0.725,4.43887375630315,0.5398908432755148,0.26342613203496495
droid_arti,1,LoRA-4passes + T,400,0.7248084349773186,0.725,0.9774482717227795,0.4623693861503604,0.15617204466292828
droid_arti,1,Aperture,400,0.22574158172517045,0.29000000000000004,1.4924185768364169,0.7893716941261257,0.12328315053620023
droid_arti,1,Aperture + T,400,0.22574158172517045,0.29000000000000004,1.725378593200704,0.8625668899514034,0.2325679021309343
droid_arti,1,LoRA-selected,400,0.635407555335754,0.6325,1.6719108843678239,0.5998418191030922,0.2736027674728936
droid_arti,1,LoRA-selected + T,400,0.635407555335754,0.6325,1.3227140496518754,0.5659320412789435,0.24093009472506438
droid_arti,2,Frozen,400,0.13438187621771752,0.26,1.9831956650737115,0.9818677613790945,0.3751877254800546
droid_arti,2,Frozen + T,400,0.13438187621771752,0.26,1.4340342184533592,0.7713975932592502,0.0917902764232526
droid_arti,2,Frozen + all-support bias,400,0.275738193137268,0.275,1.5763414436354133,0.8199112247734465,0.1618101723327733
droid_arti,2,LoRA-1pass,400,0.6001500691026651,0.6025,0.9727858746328496,0.5130899415266389,0.0875670472170661
droid_arti,2,LoRA-1pass + T,400,0.6001500691026651,0.6025,1.0349052757683337,0.5321666672321904,0.13968494720268093
droid_arti,2,LoRA-4passes,400,0.7288071651583454,0.73,1.6121164485117923,0.47077494582938045,0.21718372357117988
droid_arti,2,LoRA-4passes + T,400,0.7288071651583454,0.73,0.8331372491591067,0.40990427172217636,0.1254521665097913
droid_arti,2,Aperture,400,0.16631831173586747,0.2625,1.5522718494045504,0.8219823424342272,0.20965496479250617
droid_arti,2,Aperture + T,400,0.16631831173586747,0.2625,1.4206108719715729,0.7648987733118991,0.09762174180071213
droid_arti,2,LoRA-selected,400,0.6001500691026651,0.6025,0.9727858746328496,0.5130899415266389,0.0875670472170661
droid_arti,2,LoRA-selected + T,400,0.7288071651583454,0.73,0.8331372491591067,0.40990427172217636,0.1254521665097913
