domain,method,n_support_seeds,query_count_per_state,macro_f1_mean,macro_f1_sd,balanced_accuracy_mean,balanced_accuracy_sd,nll_mean,nll_sd,brier_mean,brier_sd,ece_mean,ece_sd
hawaii-wildfire,Frozen,3,300,0.2003045404208195,0.0,0.3466666666666667,0.0,1.282974471723114,0.0,0.7631042646036118,1.3597399555105182e-16,0.22048199283567538,0.0
hawaii-wildfire,Frozen + T,3,300,0.2003045404208195,0.0,0.3466666666666667,0.0,1.1203202584823453,0.022720522482395148,0.6794828871091404,0.013046799784494207,0.06251781369097403,0.04047086106242121
hawaii-wildfire,Frozen + all-support bias,3,300,0.3427502917565192,0.013983366275775221,0.3522222222222222,0.01071516751221436,1.144046101272034,0.001371300934794695,0.6912099744828795,0.0015329238033770128,0.09920157920115551,0.018442176759571594
hawaii-wildfire,LoRA-1pass,3,300,0.24486625411150817,0.05188677317157301,0.33666666666666667,0.017638342073763955,1.1862853940599936,0.013821243238362764,0.7211084875884607,0.01595479420031464,0.1603612135548065,0.05345983342286571
hawaii-wildfire,LoRA-1pass + T,3,300,0.24486625411150817,0.05188677317157301,0.33666666666666667,0.017638342073763955,1.1657267650135088,0.1063161537675955,0.6962980074884472,0.04449783246681396,0.09194872579854067,0.0619159134189853
hawaii-wildfire,LoRA-4passes,3,300,0.30202460185416297,0.01708849740389846,0.35555555555555557,0.011706281947614174,1.1638482433918507,0.027182731268339703,0.7029922738610667,0.013376558804550562,0.1273100218467446,0.04278523645995762
hawaii-wildfire,LoRA-4passes + T,3,300,0.30202460185416297,0.01708849740389846,0.35555555555555557,0.011706281947614174,1.2583126990595679,0.2723598948650513,0.7266175241967644,0.10099671933526139,0.11854028259959513,0.1451294580750321
hawaii-wildfire,Aperture,3,300,0.3043695516655786,0.007907799898455765,0.35888888888888887,0.027755546659548404,1.2522718865475817,0.14645580613750403,0.7272718843839084,0.03793202083339323,0.12941377317412983,0.025017769699556595
hawaii-wildfire,Aperture + T,3,300,0.3043695516655786,0.007907799898455765,0.35888888888888887,0.027755546659548404,1.1248822473638296,0.02325330541054251,0.6807342948442908,0.010822691421574914,0.05821936276566363,0.01941280369381979
hawaii-wildfire,LoRA-selected,3,300,0.2728230433835327,0.049834978029296664,0.3466666666666667,0.01855921454276675,1.1628709302867157,0.02577539050306973,0.7055350360555558,0.01741437525428617,0.13328668140778932,0.05182592666963422
hawaii-wildfire,LoRA-selected + T,3,300,0.30202460185416297,0.01708849740389846,0.35555555555555557,0.011706281947614174,1.2583126990595679,0.2723598948650513,0.7266175241967644,0.10099671933526139,0.11854028259959513,0.1451294580750321
libya-flood,Frozen,3,300,0.29029325890151864,0.0,0.38333333333333336,0.0,1.3002789755201976,0.0,0.7537016482712459,0.0,0.18858643411600876,3.3993498887762956e-17
libya-flood,Frozen + T,3,300,0.29029325890151864,0.0,0.38333333333333336,0.0,1.0986104718686864,0.0030762790666441033,0.6663833074746864,0.0018012736241968333,0.027575028030251764,0.014839996880607456
libya-flood,Frozen + all-support bias,3,300,0.3594360576913848,0.014923500622321421,0.3811111111111112,0.00962250448649376,1.0982017498223673,0.0005815242749817148,0.6650786435075863,0.0010483322010300642,0.08152106127506166,0.010939092825328593
libya-flood,LoRA-1pass,3,300,0.2996038872933657,0.022728007009116594,0.3844444444444444,0.013877773329774185,1.3636285480098824,0.06516372928614657,0.7620924472463185,0.010579229527130793,0.1820624906964352,0.03167743332868392
libya-flood,LoRA-1pass + T,3,300,0.2996038872933657,0.022728007009116594,0.3844444444444444,0.013877773329774185,1.0997987095979251,0.003480489087495492,0.6670156154891997,0.0017712507004447513,0.010223102303157329,0.002178374068422838
libya-flood,LoRA-4passes,3,300,0.3421213214702618,0.026746710068574524,0.38222222222222224,0.02912298316018033,1.1330566833809281,0.023353293816582802,0.6848738039839102,0.01300182375371646,0.10521943567156845,0.03221190149846756
libya-flood,LoRA-4passes + T,3,300,0.3421213214702618,0.026746710068574524,0.38222222222222224,0.02912298316018033,1.1050869138141648,0.026119695560302164,0.669031567563426,0.0145494774466319,0.04319976189008714,0.046342156299000084
libya-flood,Aperture,3,300,0.34793987651962704,0.06361427093086006,0.3755555555555556,0.04857220665420975,1.1286880340583654,0.03088420253050896,0.6845520856895485,0.020360347907916035,0.11200902129151329,0.03381163486398053
libya-flood,Aperture + T,3,300,0.34793987651962704,0.06361427093086006,0.3755555555555556,0.04857220665420975,1.1022844625908703,0.01645269342044291,0.6686224714424162,0.010029439969320174,0.06342708617923841,0.015400988088050073
libya-flood,LoRA-selected,3,300,0.3421213214702618,0.026746710068574524,0.38222222222222224,0.02912298316018033,1.1330566833809281,0.023353293816582802,0.6848738039839102,0.01300182375371646,0.10521943567156845,0.03221190149846756
libya-flood,LoRA-selected + T,3,300,0.324819769361457,0.04228955449813879,0.38999999999999996,0.016666666666666663,1.106616280422237,0.025180924813993383,0.6699857238369971,0.014041968816527731,0.04166155514442808,0.04792780271084718
noto-earthquake,Frozen,3,300,0.188229238160604,0.0,0.32,0.0,1.2860715061244987,0.0,0.7671571500158717,0.0,0.2475208115467692,0.0
noto-earthquake,Frozen + T,3,300,0.188229238160604,0.0,0.32,0.0,1.1270700945030645,0.038423199227153475,0.6840016095709222,0.022631440883342742,0.10854863565323199,0.052565820075659714
noto-earthquake,Frozen + all-support bias,3,300,0.3633606714640461,0.012293505984577069,0.36666666666666664,0.008819171036881951,1.1118971212182693,0.0019022215290501131,0.6737864798311431,0.0014055807224649555,0.08229792086328959,0.015698452789783
noto-earthquake,LoRA-1pass,3,300,0.22594975065768738,0.04859962321985206,0.33555555555555555,0.013471506281091259,1.223563636799105,0.09682511054387835,0.7373409811875441,0.055159143233204325,0.19848934612597216,0.0900257589283962
noto-earthquake,LoRA-1pass + T,3,300,0.22594975065768738,0.04859962321985206,0.33555555555555555,0.013471506281091259,1.1267491144316761,0.04151233426033639,0.6848467551873769,0.0269125438919671,0.09874354740199136,0.07980302387917698
noto-earthquake,LoRA-4passes,3,300,0.3466327023394243,0.03887530409214636,0.37000000000000005,0.035118845842842465,1.13571719626974,0.008850445366148147,0.6854731453227078,0.010013014316657812,0.10548555578102276,0.020543902548798943
noto-earthquake,LoRA-4passes + T,3,300,0.3466327023394243,0.03887530409214636,0.37000000000000005,0.035118845842842465,1.139599120017776,0.06960408895763598,0.684913871654064,0.0306613231811888,0.09440053871532879,0.07678036590945858
noto-earthquake,Aperture,3,300,0.3414412557601462,0.015016550451034075,0.3633333333333333,0.006666666666666654,1.1095937204142672,0.007245203458004164,0.6733958350930003,0.0041748835505796165,0.08492594411958028,0.010129712328175035
noto-earthquake,Aperture + T,3,300,0.3414412557601462,0.015016550451034075,0.3633333333333333,0.006666666666666654,1.2225650561938781,0.21677013537530357,0.7203325069430239,0.09433160140940998,0.12248323093922502,0.152306969843445
noto-earthquake,LoRA-selected,3,300,0.3101199876870595,0.024950435061891835,0.34888888888888886,0.01575271875417538,1.1296996212248585,0.017129660608577225,0.6844565405694044,0.011287306905687603,0.11087578646975059,0.011467671613567251
noto-earthquake,LoRA-selected + T,3,300,0.3466327023394243,0.03887530409214636,0.37000000000000005,0.035118845842842465,1.139599120017776,0.06960408895763598,0.684913871654064,0.0306613231811888,0.09440053871532879,0.07678036590945858
turkey-earthquake,Frozen,3,300,0.24576713748337453,0.0,0.3466666666666667,0.0,1.3887789541137245,2.7194799110210365e-16,0.7906882800476721,0.0,0.23482928517111032,3.3993498887762956e-17
turkey-earthquake,Frozen + T,3,300,0.24576713748337453,0.0,0.3466666666666667,0.0,1.1281616878510519,0.011051983050102913,0.6835021338273725,0.005843121195151707,0.060641504845420614,0.01684819139604648
turkey-earthquake,Frozen + all-support bias,3,300,0.3046882011070961,0.017660502117945263,0.3233333333333333,0.008819171036881995,1.2432686653050398,0.011719111307213,0.7439082124889126,0.004846866823467281,0.16789473932283727,0.01664145870389487
turkey-earthquake,LoRA-1pass,3,300,0.271495553818373,0.027138070303913474,0.3444444444444444,0.021688023662159068,1.2150650824782414,0.013987801374645881,0.731961871383307,0.01186345130395143,0.1609555949491694,0.04128847080425275
turkey-earthquake,LoRA-1pass + T,3,300,0.271495553818373,0.027138070303913474,0.3444444444444444,0.021688023662159068,1.120842793952906,0.009495097538643305,0.6798090973169956,0.0038424689036170036,0.06731398721484043,0.014355853864179532
turkey-earthquake,LoRA-4passes,3,300,0.39352929475654125,0.045619559051161974,0.4188888888888889,0.020092379244472325,1.1502188556077766,0.05029341950259127,0.6832681637287492,0.022019978921447417,0.09742395889504248,0.022739978322200278
turkey-earthquake,LoRA-4passes + T,3,300,0.39352929475654125,0.045619559051161974,0.4188888888888889,0.020092379244472325,1.0959756569380839,0.014466802904022441,0.6611815299629299,0.0078058982486560475,0.046397645089591745,0.01584316965267113
turkey-earthquake,Aperture,3,300,0.3282379624650323,0.020005378239298145,0.3611111111111111,0.006938886664887114,1.1324541120549807,0.04313065647976322,0.6845275177929908,0.02212063400674406,0.09310816716967335,0.01151032125530588
turkey-earthquake,Aperture + T,3,300,0.3282379624650323,0.020005378239298145,0.3611111111111111,0.006938886664887114,1.1546613995311577,0.11377199580958937,0.6909760417192121,0.05219618499109419,0.08693991293979268,0.07761945570071029
turkey-earthquake,LoRA-selected,3,300,0.39352929475654125,0.045619559051161974,0.4188888888888889,0.020092379244472325,1.1502188556077766,0.05029341950259127,0.6832681637287492,0.022019978921447417,0.09742395889504248,0.022739978322200278
turkey-earthquake,LoRA-selected + T,3,300,0.39352929475654125,0.045619559051161974,0.4188888888888889,0.020092379244472325,1.0959756569380839,0.014466802904022441,0.6611815299629299,0.0078058982486560475,0.046397645089591745,0.01584316965267113
hospital_2,Frozen,3,300,0.5421324961844375,0.0,0.59,0.0,0.6668828552380931,0.0,0.47455183775865634,0.0,0.043486603865219985,8.498374721940739e-18
hospital_2,Frozen + T,3,300,0.5421324961844375,0.0,0.59,0.0,0.8039004145629383,0.1198182807278591,0.5479016397763462,0.06414829814673603,0.1604506216893201,0.1213621527861176
hospital_2,Frozen + all-support bias,3,300,0.5942260818512003,0.027522719941823242,0.61,0.017320508075688724,0.6525828030624099,0.003123433971036699,0.46081827897571787,0.002995633899088435,0.03302577194438764,0.016305511858697913
hospital_2,LoRA-1pass,3,300,0.41412050237661074,0.11114661549088917,0.5299999999999999,0.043333333333333404,0.7371117486670468,0.07667475603087831,0.5365144271281672,0.06204575415375229,0.1713866908481653,0.09203372013497799
hospital_2,LoRA-1pass + T,3,300,0.41412050237661074,0.11114661549088917,0.5299999999999999,0.043333333333333404,0.7199465774874039,0.00783327324660952,0.5211777005007932,0.011673532421437162,0.1606632203291129,0.02714317414418615
hospital_2,LoRA-4passes,3,300,0.642926201914966,0.07372035464623919,0.6588888888888889,0.05419443732558757,1.3259263613338268,0.5811905997354643,0.5781786396494347,0.1273910365900883,0.2603673352236123,0.07661220042756381
hospital_2,LoRA-4passes + T,3,300,0.642926201914966,0.07372035464623919,0.6588888888888889,0.05419443732558757,2.7455024494923244,1.4850523300858938,0.6232984898951716,0.12388537317788609,0.2959487372678981,0.07062133410137733
hospital_2,Aperture,3,300,0.6166319489890769,0.09293474016737334,0.64,0.05507570547286107,0.6075745649606675,0.019844359890510557,0.42274679964311535,0.018250428709126736,0.06227890622923014,0.03261555615852515
hospital_2,Aperture + T,3,300,0.6166319489890769,0.09293474016737334,0.64,0.05507570547286107,0.691883230777791,0.1281953985700487,0.4540253545601294,0.04086317585779721,0.12857445104340695,0.046995910679676164
hospital_2,LoRA-selected,3,300,0.642926201914966,0.07372035464623919,0.6588888888888889,0.05419443732558757,1.3259263613338268,0.5811905997354643,0.5781786396494347,0.1273910365900883,0.2603673352236123,0.07661220042756381
hospital_2,LoRA-selected + T,3,300,0.642926201914966,0.07372035464623919,0.6588888888888889,0.05419443732558757,2.7455024494923244,1.4850523300858938,0.6232984898951716,0.12388537317788609,0.2959487372678981,0.07062133410137733
bridge_pick_place,Frozen,3,400,0.23000187778191095,0.0,0.32,0.0,1.673655849195668,0.0,0.8656865125299809,0.0,0.31177284101347424,0.0
bridge_pick_place,Frozen + T,3,400,0.23000187778191095,0.0,0.32,0.0,1.342119679596113,0.007883835973661912,0.7282604308491597,0.004259538192645141,0.08687004556387012,0.03392288097606441
bridge_pick_place,Frozen + all-support bias,3,400,0.4482951570423466,0.006434604089566784,0.45083333333333336,0.008036375634160792,1.236318508544487,0.003090283237383634,0.663762423794088,0.0011441373238412068,0.049083901456438116,0.004789199076411327
bridge_pick_place,LoRA-1pass,3,400,0.7696752952290898,0.03807057326295753,0.77,0.03783186487605388,0.8579252912433056,0.20338699923610648,0.3650969790568143,0.0647820080648222,0.14314837123006272,0.05293066645592451
bridge_pick_place,LoRA-1pass + T,3,400,0.7696752952290898,0.03807057326295753,0.77,0.03783186487605388,1.0212888734278218,0.6147637469162519,0.3496292383795714,0.026800354362518715,0.10454228401593509,0.0546694830303138
bridge_pick_place,LoRA-4passes,3,400,0.7754290023887421,0.03188294196739332,0.7766666666666667,0.03125833222251847,2.0452837580013625,0.5766351708216516,0.4209531420902149,0.05733655977891673,0.20592501696726875,0.03010598681618212
bridge_pick_place,LoRA-4passes + T,3,400,0.7754290023887421,0.03188294196739332,0.7766666666666667,0.03125833222251847,0.9241490416927092,0.4118793574140581,0.35222048278917306,0.02628222111753931,0.12363081402687053,0.03890910550917274
bridge_pick_place,Aperture,3,400,0.501462103285207,0.04369386214227265,0.505,0.04023369234857768,1.1376837331874208,0.03468149136805299,0.6195399923479713,0.020498910364884156,0.06547408938193529,0.012883295175842678
bridge_pick_place,Aperture + T,3,400,0.501462103285207,0.04369386214227265,0.505,0.04023369234857768,1.1424759901170112,0.041114229794044964,0.6221083932223889,0.0232496766641106,0.05919767054669256,0.021406993647391376
bridge_pick_place,LoRA-selected,3,400,0.7738117763963178,0.043272033024572505,0.7741666666666666,0.04310839052125852,1.3765372948043364,0.7070064895811141,0.3839806646716077,0.04244195345974002,0.17361999158661978,0.02009854737920942
bridge_pick_place,LoRA-selected + T,3,400,0.7712925212215141,0.02476874178413465,0.7725,0.024109126902482462,1.0348386382190016,0.6028950053526748,0.35664625120238047,0.027003010315062827,0.12378061401233426,0.039160706352420624
droid_pick_place,Frozen,3,400,0.15521707315978256,0.0,0.2725,0.0,1.9160285434795536,0.0,0.9548967770933904,0.0,0.37478983535985816,0.0
droid_pick_place,Frozen + T,3,400,0.15521707315978256,0.0,0.2725,0.0,1.394419513770642,0.010070092157105628,0.753101236897281,0.004401920372108455,0.05613106484638263,0.019007436634795014
droid_pick_place,Frozen + all-support bias,3,400,0.32165102486101316,0.010076861654951216,0.325,0.013228756555322966,1.4852905446703142,0.0016703569388912451,0.7832996865497042,0.002472443112916496,0.13093776338658958,0.013211538792350846
droid_pick_place,LoRA-1pass,3,400,0.6548989609022094,0.026656466639631872,0.6558333333333333,0.026731691553909115,1.1103100579145857,0.21350601938009253,0.5158710348763401,0.05660029588601214,0.18233268477666184,0.04043144765219732
droid_pick_place,LoRA-1pass + T,3,400,0.6548989609022094,0.026656466639631872,0.6558333333333333,0.026731691553909115,0.9534019095660623,0.05685897278316959,0.5040693082641631,0.027564581509443072,0.14508828916782543,0.09089186513323053
droid_pick_place,LoRA-4passes,3,400,0.679068747154531,0.01460056095971788,0.6841666666666667,0.011547005383792525,2.5567262618587896,1.617374260453837,0.5625656664936384,0.06861677325100979,0.2556417693744843,0.05566446045913871
droid_pick_place,LoRA-4passes + T,3,400,0.679068747154531,0.01460056095971788,0.6841666666666667,0.011547005383792525,0.8949599771170864,0.04269553430725915,0.46682412927978684,0.020208111588658827,0.12490999802710008,0.05365173120629241
droid_pick_place,Aperture,3,400,0.30311359109760033,0.0769652799785592,0.3566666666666667,0.05702704036975207,1.348587715976958,0.03912653101340213,0.7298960379763816,0.019356903044752592,0.10066691987550876,0.02996880732726595
droid_pick_place,Aperture + T,3,400,0.30311359109760033,0.0769652799785592,0.3566666666666667,0.05702704036975207,1.345084786726396,0.027506636872108758,0.7290340448049455,0.014053790084974071,0.06230416253151875,0.03833280072608783
droid_pick_place,LoRA-selected,3,400,0.6548989609022094,0.026656466639631872,0.6558333333333333,0.026731691553909115,1.1103100579145857,0.21350601938009253,0.5158710348763401,0.05660029588601214,0.18233268477666184,0.04043144765219732
droid_pick_place,LoRA-selected + T,3,400,0.679068747154531,0.01460056095971788,0.6841666666666667,0.011547005383792525,0.8949599771170864,0.04269553430725915,0.46682412927978684,0.020208111588658827,0.12490999802710008,0.05365173120629241
droid_arti,Frozen,3,400,0.13438187621771752,0.0,0.26,0.0,1.9831956650737113,2.7194799110210365e-16,0.9818677613790946,1.3597399555105182e-16,0.3751877254800546,0.0
droid_arti,Frozen + T,3,400,0.13438187621771752,0.0,0.26,0.0,1.45055187284544,0.014304708314473506,0.7787579748912358,0.0063742774748478965,0.10832599663886848,0.014320353776595247
droid_arti,Frozen + all-support bias,3,400,0.27355965786676933,0.00536487142979644,0.2725,0.006614378277661461,1.5736626932361757,0.0029213148118435693,0.8190084264430745,0.0021451810942130817,0.16244929723727322,0.006800734039819219
droid_arti,LoRA-1pass,3,400,0.6504449327232008,0.05926212002799895,0.65,0.058255900988655254,1.1457658197923422,0.4644762060518433,0.5108106780855405,0.09019237516310176,0.14840987691441918,0.1084344043760957
droid_arti,LoRA-1pass + T,3,400,0.6504449327232008,0.05926212002799895,0.65,0.058255900988655254,1.0750534797537672,0.23022708156534002,0.5114252764776709,0.06731819075881952,0.16996568714455296,0.06167670211356759
droid_arti,LoRA-4passes,3,400,0.7457394846060676,0.03285153724152003,0.7466666666666666,0.03329164059239693,2.861779333461067,1.4415435402002599,0.47569003826724665,0.061889810196682424,0.22733703490081034,0.03223490071500925
droid_arti,LoRA-4passes + T,3,400,0.7457394846060676,0.03285153724152003,0.7466666666666666,0.03329164059239693,0.8204575281296552,0.16369932111121818,0.3998962777160628,0.06803146122364005,0.1186574402064351,0.04133298105297026
droid_arti,Aperture,3,400,0.22308010985459462,0.055478962041234196,0.2866666666666667,0.02268442931469366,1.5054568138350775,0.04184803042615895,0.7956651216827284,0.023802895122288083,0.15646653521351317,0.04653142960000402
droid_arti,Aperture + T,3,400,0.22308010985459462,0.055478962041234196,0.2866666666666667,0.02268442931469366,1.5771844856374413,0.1525565569475532,0.8140877088875413,0.048837926507758256,0.17659729858637144,0.0703529491363815
droid_arti,LoRA-selected,3,400,0.6504449327232008,0.05926212002799895,0.65,0.058255900988655254,1.1457658197923422,0.4644762060518433,0.5108106780855405,0.09019237516310176,0.14840987691441918,0.1084344043760957
droid_arti,LoRA-selected + T,3,400,0.6933306314084277,0.05058415982734645,0.6925,0.05250000000000004,1.007797470884025,0.2732677170164817,0.47067114464099946,0.08353768294887261,0.16522142691358974,0.06559358756642404
