domain,support_seed,arm,variant,condition,temperature,count,macro_f1,balanced_accuracy,nll,brier,ece
hawaii-wildfire,0,frozen,raw,clean,4.477442277136681,60,0.22138680033416872,0.3684210526315789,1.2975141583849281,0.7798427734834533,0.28609589798497514
hawaii-wildfire,0,frozen,temperature,clean,4.477442277136681,60,0.22138680033416872,0.3684210526315789,1.112226225785091,0.6755802985493065,0.053215534897180304
hawaii-wildfire,0,frozen,raw,gaussian4,4.477442277136681,60,0.15384615384615385,0.3333333333333333,1.2851556877193187,0.7833889975267854,0.2932715431707945
hawaii-wildfire,0,frozen,temperature,gaussian4,4.477442277136681,60,0.15384615384615385,0.3333333333333333,1.1106062435203057,0.6748999214235752,0.08788284799791764
hawaii-wildfire,0,frozen,raw,gaussian8,4.477442277136681,60,0.1891774891774892,0.3508771929824561,1.276694758200212,0.7730627485952559,0.2565013000496706
hawaii-wildfire,0,frozen,temperature,gaussian8,4.477442277136681,60,0.1891774891774892,0.3508771929824561,1.1073724016673543,0.6726504761372761,0.0712407637338786
hawaii-wildfire,0,frozen,raw,jpeg40,4.477442277136681,60,0.1891774891774892,0.3508771929824561,1.298989026413463,0.7825801708019434,0.2817344967696216
hawaii-wildfire,0,frozen,temperature,jpeg40,4.477442277136681,60,0.1891774891774892,0.3508771929824561,1.1121940083404618,0.6754879879697773,0.07842207930938092
hawaii-wildfire,0,frozen,raw,jpeg70,4.477442277136681,60,0.22138680033416872,0.3684210526315789,1.2753488631266388,0.7722954459297805,0.270338420852371
hawaii-wildfire,0,frozen,temperature,jpeg70,4.477442277136681,60,0.22138680033416872,0.3684210526315789,1.106788935100903,0.6721592613960528,0.0874900086018435
hawaii-wildfire,0,lora1,raw,clean,3.357608036245122,60,0.2884848484848485,0.3745232646834477,1.1052548164561766,0.6694076515842224,0.08852710029114644
hawaii-wildfire,0,lora1,temperature,clean,3.357608036245122,60,0.2884848484848485,0.3745232646834477,1.0823867397036777,0.6556062981190449,0.032953390135378596
hawaii-wildfire,0,lora1,raw,gaussian4,3.357608036245122,60,0.24393939393939398,0.35392829900839057,1.1252266566050864,0.6812506219933777,0.13145308548532392
hawaii-wildfire,0,lora1,temperature,gaussian4,3.357608036245122,60,0.24393939393939398,0.35392829900839057,1.0851111051691438,0.6571898544259799,0.03423672001247002
hawaii-wildfire,0,lora1,raw,gaussian8,3.357608036245122,60,0.29914529914529914,0.3890160183066362,1.0974710632280462,0.6635780151641123,0.1078074415756911
hawaii-wildfire,0,lora1,temperature,gaussian8,3.357608036245122,60,0.29914529914529914,0.3890160183066362,1.079082031114748,0.6532682787369779,0.09916023057960674
hawaii-wildfire,0,lora1,raw,jpeg40,3.357608036245122,60,0.27136752136752135,0.3714721586575134,1.1138677502736125,0.6761903061503178,0.1352758633762377
hawaii-wildfire,0,lora1,temperature,jpeg40,3.357608036245122,60,0.27136752136752135,0.3714721586575134,1.0844077930040121,0.6570354957987704,0.05643547586888102
hawaii-wildfire,0,lora1,raw,jpeg70,3.357608036245122,60,0.23518620436617133,0.3394355453852021,1.1106869097015377,0.6721954973122561,0.12949026551269385
hawaii-wildfire,0,lora1,temperature,jpeg70,3.357608036245122,60,0.23518620436617133,0.3394355453852021,1.082812980113901,0.6556698115686967,0.06336359472802237
hawaii-wildfire,0,lora4,raw,clean,1.8881217525718474,60,0.3699545576049184,0.44241037376048814,1.0667452459461417,0.6446981523312177,0.05537812792581013
hawaii-wildfire,0,lora4,temperature,clean,1.8881217525718474,60,0.3699545576049184,0.44241037376048814,1.0750605745266673,0.6507276779345355,0.08860877638283883
hawaii-wildfire,0,lora4,raw,gaussian4,1.8881217525718474,60,0.3708800690250216,0.4227900669548266,1.0765656802890322,0.6516071820386602,0.05464665339451669
hawaii-wildfire,0,lora4,temperature,gaussian4,1.8881217525718474,60,0.3708800690250216,0.4227900669548266,1.080238699327299,0.6542961134691028,0.07131677010131965
hawaii-wildfire,0,lora4,raw,gaussian8,1.8881217525718474,60,0.4205456800330715,0.4754216459021951,1.0567202405400884,0.6382590710802819,0.0883731624744591
hawaii-wildfire,0,lora4,temperature,gaussian8,1.8881217525718474,60,0.4205456800330715,0.4754216459021951,1.0697825906985088,0.6471725363738299,0.12269537820542355
hawaii-wildfire,0,lora4,raw,jpeg40,1.8881217525718474,60,0.3537251765960283,0.4248665141113654,1.0751065580049675,0.6511987579513546,0.056455848439773255
hawaii-wildfire,0,lora4,temperature,jpeg40,1.8881217525718474,60,0.3537251765960283,0.4248665141113654,1.0794599108019467,0.6539165807162751,0.071371637683667
hawaii-wildfire,0,lora4,raw,jpeg70,1.8881217525718474,60,0.3940406571985519,0.4517755742012035,1.0602592776678608,0.6414285329158219,0.15282119147656803
hawaii-wildfire,0,lora4,temperature,jpeg70,1.8881217525718474,60,0.3940406571985519,0.4517755742012035,1.0714855811801796,0.6485103939823624,0.10655823771765975
hawaii-wildfire,0,aperture,raw,clean,2.6670428643266484,60,0.32263653483992466,0.3490973811339944,1.0828185433814517,0.6599486100405016,0.05221533429946768
hawaii-wildfire,0,aperture,temperature,clean,2.6670428643266484,60,0.32263653483992466,0.3490973811339944,1.084464626079984,0.6579782089092788,0.01732323407845031
hawaii-wildfire,0,aperture,raw,gaussian4,2.6670428643266484,60,0.25507788691868294,0.31545046190355114,1.0954491569492768,0.6681598912835334,0.11726647730570608
hawaii-wildfire,0,aperture,temperature,gaussian4,2.6670428643266484,60,0.25507788691868294,0.31545046190355114,1.0873476899810306,0.6596583736431267,0.02138014509742533
hawaii-wildfire,0,aperture,raw,gaussian8,2.6670428643266484,60,0.28690020069330413,0.3091363674887702,1.097308195710434,0.6685752181744218,0.09620613026138061
hawaii-wildfire,0,aperture,temperature,gaussian8,2.6670428643266484,60,0.28690020069330413,0.3091363674887702,1.0888538261656415,0.6605827190820833,0.035110238242040355
hawaii-wildfire,0,aperture,raw,jpeg40,2.6670428643266484,60,0.32287157287157287,0.34409695736926854,1.109568306278951,0.6767853001353235,0.11496993114035013
hawaii-wildfire,0,aperture,temperature,jpeg40,2.6670428643266484,60,0.32287157287157287,0.34409695736926854,1.092692448069628,0.6634129523342127,0.005638722509531341
hawaii-wildfire,0,aperture,raw,jpeg70,2.6670428643266484,60,0.3531327543424318,0.3771082295109755,1.087355539392687,0.6619884634487115,0.0186199696626021
hawaii-wildfire,0,aperture,temperature,jpeg70,2.6670428643266484,60,0.3531327543424318,0.3771082295109755,1.086084885720602,0.6589167917873247,0.03436118955181525
libya-flood,0,frozen,raw,clean,7.096267784671511,60,0.36382275132275127,0.4073067632850242,1.1975675270689088,0.6951127196228591,0.12808491242386344
libya-flood,0,frozen,temperature,clean,7.096267784671511,60,0.36382275132275127,0.4073067632850242,1.0793486966614827,0.6539821687368494,0.07892177236453249
libya-flood,0,frozen,raw,gaussian4,7.096267784671511,60,0.3321622017274191,0.3769409937888199,1.2246136067864002,0.714494524532655,0.14730557185589851
libya-flood,0,frozen,temperature,gaussian4,7.096267784671511,60,0.3321622017274191,0.3769409937888199,1.0831402289393948,0.6566274231457836,0.045804560693947394
libya-flood,0,frozen,raw,gaussian8,7.096267784671511,60,0.3025070417607026,0.3596877156659765,1.2299715646146094,0.715453871619204,0.18148217627886598
libya-flood,0,frozen,temperature,gaussian8,7.096267784671511,60,0.3025070417607026,0.3596877156659765,1.0841459019669297,0.6573296366026984,0.029830609908359285
libya-flood,0,frozen,raw,jpeg40,7.096267784671511,60,0.36202605767823165,0.4073067632850242,1.2150087155094618,0.7101357830910818,0.1228009328054334
libya-flood,0,frozen,temperature,jpeg40,7.096267784671511,60,0.36202605767823165,0.4073067632850242,1.0825982681645596,0.6562373456975945,0.07914433851172298
libya-flood,0,frozen,raw,jpeg70,7.096267784671511,60,0.324074074074074,0.3755607315389924,1.2011671116799074,0.7001471609174741,0.1490593056585291
libya-flood,0,frozen,temperature,jpeg70,7.096267784671511,60,0.324074074074074,0.3755607315389924,1.0795797409991552,0.6543105841357665,0.04580501548084592
libya-flood,0,lora1,raw,clean,7.516748085768888,60,0.35554015554015556,0.3941942719116632,1.2714466712619736,0.7111193406423211,0.1376256237488041
libya-flood,0,lora1,temperature,clean,7.516748085768888,60,0.35554015554015556,0.3941942719116632,1.079216303153545,0.65399196332623,0.05997859145690228
libya-flood,0,lora1,raw,gaussian4,7.516748085768888,60,0.3569023569023569,0.3941942719116632,1.2895572574235303,0.7231029527502277,0.14256961916825378
libya-flood,0,lora1,temperature,gaussian4,7.516748085768888,60,0.3569023569023569,0.3941942719116632,1.081587736358132,0.6556272273716265,0.05952166431545333
libya-flood,0,lora1,raw,gaussian8,7.516748085768888,60,0.297165991902834,0.357487922705314,1.2881619258170893,0.7220286960446257,0.16094140973314938
libya-flood,0,lora1,temperature,gaussian8,7.516748085768888,60,0.297165991902834,0.357487922705314,1.0818814286565979,0.6558745593156152,0.027739050109913437
libya-flood,0,lora1,raw,jpeg40,7.516748085768888,60,0.3272657272657273,0.3638285024154589,1.2894487541735768,0.7259457632579274,0.1790321164007624
libya-flood,0,lora1,temperature,jpeg40,7.516748085768888,60,0.3272657272657273,0.3638285024154589,1.0823682066168425,0.6561020331742411,0.02625670914426242
libya-flood,0,lora1,raw,jpeg70,7.516748085768888,60,0.34405458089668617,0.3797015182884748,1.2786275479962725,0.7150081371479782,0.163593596634206
libya-flood,0,lora1,temperature,jpeg70,7.516748085768888,60,0.34405458089668617,0.3797015182884748,1.0799949141516507,0.6545324274545556,0.04318806479511614
libya-flood,0,lora4,raw,clean,7.096267784671511,60,0.3656699889258029,0.37564699792960665,1.1799675758797354,0.7133604730139428,0.17873642340562845
libya-flood,0,lora4,temperature,clean,7.096267784671511,60,0.3656699889258029,0.37564699792960665,1.0953636957786956,0.6643922039415432,0.028918524524373167
libya-flood,0,lora4,raw,gaussian4,7.096267784671511,60,0.3280423280423281,0.34666149068322977,1.208256214984106,0.7283230132990555,0.16445405189043374
libya-flood,0,lora4,temperature,gaussian4,7.096267784671511,60,0.3280423280423281,0.34666149068322977,1.0994033230454627,0.6671322933024791,0.042532114125548304
libya-flood,0,lora4,raw,gaussian8,7.096267784671511,60,0.31225071225071227,0.33078847481021395,1.1968320960422514,0.7239571011443651,0.17396833081514892
libya-flood,0,lora4,temperature,gaussian8,7.096267784671511,60,0.31225071225071227,0.33078847481021395,1.099047725153534,0.6668450856965829,0.057967183398261186
libya-flood,0,lora4,raw,jpeg40,7.096267784671511,60,0.28977272727272724,0.31629572118702554,1.2007314167713268,0.7290623614208646,0.19355739881680056
libya-flood,0,lora4,temperature,jpeg40,7.096267784671511,60,0.28977272727272724,0.31629572118702554,1.098282809498649,0.6664045661872144,0.08220596178823894
libya-flood,0,lora4,raw,jpeg70,7.096267784671511,60,0.3638047138047138,0.3819875776397515,1.1969544148589277,0.7275043071336337,0.20225566363912062
libya-flood,0,lora4,temperature,jpeg70,7.096267784671511,60,0.3638047138047138,0.3819875776397515,1.0969762942543981,0.6655613868611643,0.02973076405703813
libya-flood,0,aperture,raw,clean,2.6670428643266484,60,0.2942721330956625,0.3004658385093168,1.1604038750590455,0.703687558817019,0.1462866984730654
libya-flood,0,aperture,temperature,clean,2.6670428643266484,60,0.2942721330956625,0.3004658385093168,1.1012938236996594,0.6688885342081323,0.06732821668913766
libya-flood,0,aperture,raw,gaussian4,2.6670428643266484,60,0.2934102934102934,0.30943754313319527,1.1439258188688426,0.6995672449229196,0.20801795738665618
libya-flood,0,aperture,temperature,gaussian4,2.6670428643266484,60,0.2934102934102934,0.30943754313319527,1.0927101613810308,0.6640404324877566,0.07346342199390361
libya-flood,0,aperture,raw,gaussian8,2.6670428643266484,60,0.2938647342995169,0.31137853692201517,1.1358914583491895,0.6823664247973831,0.13889696270394364
libya-flood,0,aperture,temperature,gaussian8,2.6670428643266484,60,0.2938647342995169,0.31137853692201517,1.0898041581784528,0.6605524356479595,0.11811088531222433
libya-flood,0,aperture,raw,jpeg40,2.6670428643266484,60,0.34594202898550724,0.3489044168391994,1.1349039722944747,0.6843552155000963,0.09552089850121
libya-flood,0,aperture,temperature,jpeg40,2.6670428643266484,60,0.34594202898550724,0.3489044168391994,1.0930153540321583,0.6628018187555748,0.044854046861082214
libya-flood,0,aperture,raw,jpeg70,2.6670428643266484,60,0.35846560846560843,0.3633971704623879,1.152046931637605,0.6986712476909785,0.09455934841349092
libya-flood,0,aperture,temperature,jpeg70,2.6670428643266484,60,0.35846560846560843,0.3633971704623879,1.0971439655742565,0.6658715193941205,0.05651588795724396
noto-earthquake,0,frozen,raw,clean,5.32145011959762,60,0.17500000000000002,0.3333333333333333,1.2372630199643184,0.749484493217722,0.23857456523305662
noto-earthquake,0,frozen,temperature,clean,5.32145011959762,60,0.17500000000000002,0.3333333333333333,1.0937971133743885,0.6636527743204776,0.09068286679338294
noto-earthquake,0,frozen,raw,gaussian4,5.32145011959762,60,0.17500000000000002,0.3333333333333333,1.2359287133620385,0.7507308720063011,0.2428706669836556
noto-earthquake,0,frozen,temperature,gaussian4,5.32145011959762,60,0.17500000000000002,0.3333333333333333,1.095147805615562,0.6646092129336337,0.05607707915522061
noto-earthquake,0,frozen,raw,gaussian8,5.32145011959762,60,0.1772151898734177,0.3333333333333333,1.2359419849877864,0.74211394231804,0.22608001521285928
noto-earthquake,0,frozen,temperature,gaussian8,5.32145011959762,60,0.1772151898734177,0.3333333333333333,1.0943413635830441,0.6639295893698176,0.042299942069348895
noto-earthquake,0,frozen,raw,jpeg40,5.32145011959762,60,0.1728395061728395,0.3333333333333333,1.2397823260074954,0.7532764284620885,0.2260410014279537
noto-earthquake,0,frozen,temperature,jpeg40,5.32145011959762,60,0.1728395061728395,0.3333333333333333,1.0948406793986285,0.664544881633748,0.0567618100833753
noto-earthquake,0,frozen,raw,jpeg70,5.32145011959762,60,0.1728395061728395,0.3333333333333333,1.22143923181014,0.7399163575313658,0.22656828605374574
noto-earthquake,0,frozen,temperature,jpeg70,5.32145011959762,60,0.1728395061728395,0.3333333333333333,1.0906891879604208,0.6617082824083664,0.056955373504200546
noto-earthquake,0,lora1,raw,clean,4.477442277136681,60,0.2537577365163572,0.34126984126984133,1.1276584666905338,0.6864508619969888,0.11483357811312896
noto-earthquake,0,lora1,temperature,clean,4.477442277136681,60,0.2537577365163572,0.34126984126984133,1.0989916132647308,0.6669472096761597,0.03806901389273737
noto-earthquake,0,lora1,raw,gaussian4,4.477442277136681,60,0.27431716833890746,0.35714285714285715,1.1400108763379015,0.6957714749546162,0.10970134956270217
noto-earthquake,0,lora1,temperature,gaussian4,4.477442277136681,60,0.27431716833890746,0.35714285714285715,1.1002147587633566,0.6678498884058844,0.023982958148585365
noto-earthquake,0,lora1,raw,gaussian8,4.477442277136681,60,0.2740022950401632,0.35714285714285715,1.141700760074899,0.6971671082708488,0.09942977155522108
noto-earthquake,0,lora1,temperature,gaussian8,4.477442277136681,60,0.2740022950401632,0.35714285714285715,1.101524730450552,0.6687592306774555,0.021840015100369814
noto-earthquake,0,lora1,raw,jpeg40,4.477442277136681,60,0.21726190476190477,0.3068783068783069,1.1271088703340095,0.686233169306757,0.17171226469714435
noto-earthquake,0,lora1,temperature,jpeg40,4.477442277136681,60,0.21726190476190477,0.3068783068783069,1.0983773360164946,0.6665750160070129,0.07180244101962002
noto-earthquake,0,lora1,raw,jpeg70,4.477442277136681,60,0.27724867724867724,0.3571428571428572,1.1165126242507197,0.6792232833318199,0.09263818273187918
noto-earthquake,0,lora1,temperature,jpeg70,4.477442277136681,60,0.27724867724867724,0.3571428571428572,1.0967446345681149,0.6654732424830004,0.020237266640413143
noto-earthquake,0,lora4,raw,clean,4.477442277136681,60,0.3169431875314228,0.34920634920634913,1.180590627436723,0.7112875648991152,0.12105800434347479
noto-earthquake,0,lora4,temperature,clean,4.477442277136681,60,0.3169431875314228,0.34920634920634913,1.1025055641380574,0.6691271364223853,0.021192040346547945
noto-earthquake,0,lora4,raw,gaussian4,4.477442277136681,60,0.4110206883027748,0.4417989417989418,1.1399086533291287,0.6895780467338016,0.07281811136853257
noto-earthquake,0,lora4,temperature,gaussian4,4.477442277136681,60,0.4110206883027748,0.4417989417989418,1.0953670377915008,0.6646154472301293,0.09903600873839707
noto-earthquake,0,lora4,raw,gaussian8,4.477442277136681,60,0.40952073930797334,0.42328042328042326,1.1555113630213218,0.6946664507097686,0.14478630633208486
noto-earthquake,0,lora4,temperature,gaussian8,4.477442277136681,60,0.40952073930797334,0.42328042328042326,1.0982419358667999,0.6663546282235819,0.062124547322790866
noto-earthquake,0,lora4,raw,jpeg40,4.477442277136681,60,0.4089605734767025,0.4444444444444444,1.1486782579619499,0.6934703514380975,0.11270379243201345
noto-earthquake,0,lora4,temperature,jpeg40,4.477442277136681,60,0.4089605734767025,0.4444444444444444,1.0962005256271812,0.6650665225419001,0.06987858861115903
noto-earthquake,0,lora4,raw,jpeg70,4.477442277136681,60,0.36274509803921573,0.3783068783068783,1.146936190360146,0.691490420231945,0.08487899830199142
noto-earthquake,0,lora4,temperature,jpeg70,4.477442277136681,60,0.36274509803921573,0.3783068783068783,1.0964358545630242,0.6651505147588668,0.020310162778402086
noto-earthquake,0,aperture,raw,clean,5.32145011959762,60,0.3546576879910213,0.4047619047619047,1.0704769821361648,0.6477670636135104,0.08545031398094821
noto-earthquake,0,aperture,temperature,clean,5.32145011959762,60,0.3546576879910213,0.4047619047619047,1.0846053345814113,0.6572336930252882,0.0593829406062269
noto-earthquake,0,aperture,raw,gaussian4,5.32145011959762,60,0.42671092144776357,0.43121693121693117,1.0998155978854767,0.6689010819894107,0.05796076278747672
noto-earthquake,0,aperture,temperature,gaussian4,5.32145011959762,60,0.42671092144776357,0.43121693121693117,1.0938131522446863,0.6635473694313105,0.08365451391995021
noto-earthquake,0,aperture,raw,gaussian8,5.32145011959762,60,0.3719522591645354,0.3783068783068783,1.1109428499172653,0.6754393283892738,0.09700664928500427
noto-earthquake,0,aperture,temperature,gaussian8,5.32145011959762,60,0.3719522591645354,0.3783068783068783,1.0961460278151618,0.6650748247310273,0.034870912804707
noto-earthquake,0,aperture,raw,jpeg40,5.32145011959762,60,0.33764013764013767,0.3624338624338624,1.1034207484313114,0.6724621287825113,0.13743320389041627
noto-earthquake,0,aperture,temperature,jpeg40,5.32145011959762,60,0.33764013764013767,0.3624338624338624,1.0938414799390517,0.6635902109623423,0.015079848232134485
noto-earthquake,0,aperture,raw,jpeg70,5.32145011959762,60,0.2679793324954615,0.29365079365079366,1.113698641351515,0.6806643140683468,0.16376535681541707
noto-earthquake,0,aperture,temperature,jpeg70,5.32145011959762,60,0.2679793324954615,0.29365079365079366,1.0937591724502056,0.6635585375686595,0.054884083427507
turkey-earthquake,0,frozen,raw,clean,4.226978079673295,60,0.2633825944170772,0.32407407407407407,1.3442921069803453,0.7529938433927873,0.21781439436246158
turkey-earthquake,0,frozen,temperature,clean,4.226978079673295,60,0.2633825944170772,0.32407407407407407,1.1078905260496328,0.6707142733289629,0.03279736383313248
turkey-earthquake,0,frozen,raw,gaussian4,4.226978079673295,60,0.3074722182703403,0.35648148148148145,1.3261730832876066,0.7518757092836256,0.18731405343033922
turkey-earthquake,0,frozen,temperature,gaussian4,4.226978079673295,60,0.3074722182703403,0.35648148148148145,1.1044259065555522,0.6688340987439434,0.03017825580759359
turkey-earthquake,0,frozen,raw,gaussian8,4.226978079673295,60,0.31695853613661834,0.3703703703703704,1.2964213022273292,0.744312596489157,0.16466389810278806
turkey-earthquake,0,frozen,temperature,gaussian8,4.226978079673295,60,0.31695853613661834,0.3703703703703704,1.1001948466159084,0.6665231992394257,0.019254797473706165
turkey-earthquake,0,frozen,raw,jpeg40,4.226978079673295,60,0.38053830227743274,0.425925925925926,1.344158992041603,0.7483520471239636,0.18924276619748115
turkey-earthquake,0,frozen,temperature,jpeg40,4.226978079673295,60,0.38053830227743274,0.425925925925926,1.1060473580454195,0.6694533798969022,0.06628196132103167
turkey-earthquake,0,frozen,raw,jpeg70,4.226978079673295,60,0.3147775542141739,0.3703703703703704,1.341235610724984,0.749716357080792,0.1706158651680737
turkey-earthquake,0,frozen,temperature,jpeg70,4.226978079673295,60,0.3147775542141739,0.3703703703703704,1.1064254026508569,0.6697638294574857,0.10624022075440429
turkey-earthquake,0,lora1,raw,clean,2.5178508235883355,60,0.2634146341463415,0.35185185185185186,1.3263153623361166,0.7900193339999043,0.20229764567288136
turkey-earthquake,0,lora1,temperature,clean,2.5178508235883355,60,0.2634146341463415,0.35185185185185186,1.1562955884634551,0.7025641391802754,0.09331520194773468
turkey-earthquake,0,lora1,raw,gaussian4,2.5178508235883355,60,0.2851851851851852,0.3888888888888889,1.3267728399371037,0.7909595386380367,0.17962485010038282
turkey-earthquake,0,lora1,temperature,gaussian4,2.5178508235883355,60,0.2851851851851852,0.3888888888888889,1.1562417185888343,0.7024880460254869,0.09180148181864539
turkey-earthquake,0,lora1,raw,gaussian8,2.5178508235883355,60,0.3001443001443001,0.40740740740740744,1.3144481520233984,0.7810035101887164,0.15536878547589789
turkey-earthquake,0,lora1,temperature,gaussian8,2.5178508235883355,60,0.3001443001443001,0.40740740740740744,1.150758998771771,0.6987007383018619,0.04469564296721576
turkey-earthquake,0,lora1,raw,jpeg40,2.5178508235883355,60,0.3023362345396244,0.40740740740740744,1.3060588390588967,0.7796036319011681,0.15443125398575713
turkey-earthquake,0,lora1,temperature,jpeg40,2.5178508235883355,60,0.3023362345396244,0.40740740740740744,1.1484793578748267,0.6975326945151621,0.04382510284398864
turkey-earthquake,0,lora1,raw,jpeg70,2.5178508235883355,60,0.2941970310391363,0.38888888888888884,1.305309164669128,0.778234791242072,0.16977553525243652
turkey-earthquake,0,lora1,temperature,jpeg70,2.5178508235883355,60,0.2941970310391363,0.38888888888888884,1.1485576128181654,0.6976135046712706,0.06001200925708362
turkey-earthquake,0,lora4,raw,clean,1.2619146889603867,60,0.36217660745962627,0.38888888888888884,1.2240793966912302,0.7069921025725658,0.15797320862496264
turkey-earthquake,0,lora4,temperature,clean,1.2619146889603867,60,0.36217660745962627,0.38888888888888884,1.1686409663105906,0.6904375882502696,0.15378664909282275
turkey-earthquake,0,lora4,raw,gaussian4,1.2619146889603867,60,0.4597222222222223,0.4537037037037037,1.151058546828246,0.6692871576796295,0.11944788198399586
turkey-earthquake,0,lora4,temperature,gaussian4,1.2619146889603867,60,0.4597222222222223,0.4537037037037037,1.114384598439489,0.6599076698151156,0.06794516857606596
turkey-earthquake,0,lora4,raw,gaussian8,1.2619146889603867,60,0.4378881987577639,0.4537037037037037,1.1655113865273286,0.6736386728196142,0.10690394292114605
turkey-earthquake,0,lora4,temperature,gaussian8,1.2619146889603867,60,0.4378881987577639,0.4537037037037037,1.1269553830769963,0.6644939817808766,0.10868249775307655
turkey-earthquake,0,lora4,raw,jpeg40,1.2619146889603867,60,0.369590017825312,0.39351851851851843,1.2273620774433909,0.7102584378248644,0.13146249652386155
turkey-earthquake,0,lora4,temperature,jpeg40,1.2619146889603867,60,0.369590017825312,0.39351851851851843,1.1713030660718846,0.6931975993100977,0.09607158248785572
turkey-earthquake,0,lora4,raw,jpeg70,1.2619146889603867,60,0.36904761904761907,0.40277777777777785,1.2162529327647136,0.7032475831100006,0.1296631255041804
turkey-earthquake,0,lora4,temperature,jpeg70,1.2619146889603867,60,0.36904761904761907,0.40277777777777785,1.1615317959220375,0.6873967583962202,0.10064772130826734
turkey-earthquake,0,aperture,raw,clean,1.4997884186649117,60,0.26776879305181195,0.3148148148148148,1.1177959465902585,0.685790911816363,0.15599450893216843
turkey-earthquake,0,aperture,temperature,clean,1.4997884186649117,60,0.26776879305181195,0.3148148148148148,1.096394966410937,0.6694645598203393,0.11388057555357817
turkey-earthquake,0,aperture,raw,gaussian4,1.4997884186649117,60,0.2687808315715292,0.32407407407407407,1.1670246081397282,0.7051985882030272,0.13511291325214203
turkey-earthquake,0,aperture,temperature,gaussian4,1.4997884186649117,60,0.2687808315715292,0.32407407407407407,1.1284363205112764,0.6850460516431982,0.09769366833987157
turkey-earthquake,0,aperture,raw,gaussian8,1.4997884186649117,60,0.2932999312309657,0.34722222222222215,1.1513055406492154,0.6991034506639664,0.13837051456439683
turkey-earthquake,0,aperture,temperature,gaussian8,1.4997884186649117,60,0.2932999312309657,0.34722222222222215,1.1157345418531106,0.6782643977243539,0.0939863794209447
turkey-earthquake,0,aperture,raw,jpeg40,1.4997884186649117,60,0.2642825011246064,0.3148148148148148,1.1483008888716386,0.6958464210286707,0.15371859719062775
turkey-earthquake,0,aperture,temperature,jpeg40,1.4997884186649117,60,0.2642825011246064,0.3148148148148148,1.1162822484318917,0.6784037461334422,0.11546359312108558
turkey-earthquake,0,aperture,raw,jpeg70,1.4997884186649117,60,0.30476833108412055,0.36574074074074076,1.1389840062170804,0.6963143154719873,0.10310042992116764
turkey-earthquake,0,aperture,temperature,jpeg70,1.4997884186649117,60,0.30476833108412055,0.36574074074074076,1.1094744043466556,0.6768361064831383,0.06527317163147271
hospital_2,0,frozen,raw,clean,0.2825075089245509,60,0.569377990430622,0.6,0.6569746567789297,0.4644877494924768,0.032892846736944654
hospital_2,0,frozen,temperature,clean,0.2825075089245509,60,0.569377990430622,0.6,0.847064461046394,0.5578474906501343,0.23159759476928066
hospital_2,0,frozen,raw,gaussian4,0.2825075089245509,60,0.5368941031182464,0.5833333333333334,0.677980220895259,0.4831347886395168,0.04274367453508473
hospital_2,0,frozen,temperature,gaussian4,0.2825075089245509,60,0.5368941031182464,0.5833333333333334,0.9251318054660521,0.5961009268983503,0.2595230928510549
hospital_2,0,frozen,raw,gaussian8,0.2825075089245509,60,0.569377990430622,0.6,0.6597322998433647,0.4678405678345789,0.05261972851140132
hospital_2,0,frozen,temperature,gaussian8,0.2825075089245509,60,0.569377990430622,0.6,0.888324440436487,0.5908808921014151,0.25160309318921503
hospital_2,0,frozen,raw,jpeg40,0.2825075089245509,60,0.5251661918328585,0.5833333333333334,0.7005202953107212,0.504681667205891,0.0695417541648931
hospital_2,0,frozen,temperature,jpeg40,0.2825075089245509,60,0.5251661918328585,0.5833333333333334,1.0996201838626158,0.6683149906296887,0.30646917120424355
hospital_2,0,frozen,raw,jpeg70,0.2825075089245509,60,0.45546218487394957,0.55,0.7327918735047184,0.5359620474229501,0.16954740981943683
hospital_2,0,frozen,temperature,jpeg70,0.2825075089245509,60,0.45546218487394957,0.55,1.183212240470017,0.7445740263295106,0.32329205359668844
hospital_2,0,lora1,raw,clean,1.1246826503806984,60,0.36079545454545453,0.5,0.7208087177455932,0.5265931722390785,0.17870517925253104
hospital_2,0,lora1,temperature,clean,1.1246826503806984,60,0.36079545454545453,0.5,0.709454995599229,0.5165033587853444,0.1731983007139989
hospital_2,0,lora1,raw,gaussian4,1.1246826503806984,60,0.3433652530779754,0.4666666666666667,0.7351494641780896,0.5406476771766031,0.2152551176405602
hospital_2,0,lora1,temperature,gaussian4,1.1246826503806984,60,0.3433652530779754,0.4666666666666667,0.7217885926393534,0.5288237788731596,0.22719153969463426
hospital_2,0,lora1,raw,gaussian8,1.1246826503806984,60,0.3693367162015223,0.5166666666666667,0.7100152775741561,0.5161927982251303,0.16520932757216067
hospital_2,0,lora1,temperature,gaussian8,1.1246826503806984,60,0.3693367162015223,0.5166666666666667,0.6995472898735116,0.5070216311091524,0.1474932963134601
hospital_2,0,lora1,raw,jpeg40,1.1246826503806984,60,0.3939393939393939,0.5166666666666667,0.7396342297276526,0.542038861868806,0.15776944253488595
hospital_2,0,lora1,temperature,jpeg40,1.1246826503806984,60,0.3939393939393939,0.5166666666666667,0.7264498989506986,0.5310977376625459,0.15759336078781416
hospital_2,0,lora1,raw,jpeg70,1.1246826503806984,60,0.3693367162015223,0.5166666666666667,0.7627353062250978,0.5622493674400373,0.15138640963847752
hospital_2,0,lora1,temperature,jpeg70,1.1246826503806984,60,0.3693367162015223,0.5166666666666667,0.7482248051112753,0.550374457848254,0.1346490829381471
hospital_2,0,lora4,raw,clean,0.6699308783156555,60,0.7643097643097643,0.7666666666666666,0.7418597296655516,0.38864777571493014,0.16548379394331458
hospital_2,0,lora4,temperature,clean,0.6699308783156555,60,0.7643097643097643,0.7666666666666666,0.9903686590000463,0.40887178538778524,0.18974755514773572
hospital_2,0,lora4,raw,gaussian4,0.6699308783156555,60,0.7321428571428572,0.7333333333333334,0.8017216575884188,0.4218989502720706,0.17887192217579526
hospital_2,0,lora4,temperature,gaussian4,0.6699308783156555,60,0.7321428571428572,0.7333333333333334,1.078757762808778,0.4462071429143563,0.19722793411995238
hospital_2,0,lora4,raw,gaussian8,0.6699308783156555,60,0.7493734335839599,0.75,0.7667261372246762,0.3939714152813537,0.16630714267011487
hospital_2,0,lora4,temperature,gaussian8,0.6699308783156555,60,0.7493734335839599,0.75,1.0309078377023742,0.41700936515576065,0.2143249351604284
hospital_2,0,lora4,raw,jpeg40,0.6699308783156555,60,0.5604395604395604,0.6,1.3267698787657358,0.677407345661313,0.32797738067279913
hospital_2,0,lora4,temperature,jpeg40,0.6699308783156555,60,0.5604395604395604,0.6,1.876503853968071,0.7197928537927837,0.36489708796977505
hospital_2,0,lora4,raw,jpeg70,0.6699308783156555,60,0.5911111111111111,0.6166666666666667,1.216021339652324,0.6219358737713386,0.30506737669869943
hospital_2,0,lora4,temperature,jpeg70,0.6699308783156555,60,0.5911111111111111,0.6166666666666667,1.6829627819190383,0.6606081510278344,0.31814404932465973
hospital_2,0,aperture,raw,clean,0.7962143411069947,60,0.48412698412698413,0.5666666666666667,0.624662085981469,0.4390030472541533,0.11200783252882927
hospital_2,0,aperture,temperature,clean,0.7962143411069947,60,0.48412698412698413,0.5666666666666667,0.6323353742398875,0.4458479064638702,0.13784534138882387
hospital_2,0,aperture,raw,gaussian4,0.7962143411069947,60,0.576379974326059,0.6333333333333333,0.6366083953158507,0.44661011778675225,0.03759281829080189
hospital_2,0,aperture,temperature,gaussian4,0.7962143411069947,60,0.576379974326059,0.6333333333333333,0.6485124643230725,0.4534430423863321,0.06009456468992046
hospital_2,0,aperture,raw,gaussian8,0.7962143411069947,60,0.45546218487394957,0.55,0.6774461640105198,0.48548199211562765,0.11676756125953133
hospital_2,0,aperture,temperature,gaussian8,0.7962143411069947,60,0.45546218487394957,0.55,0.6997427229197096,0.5012818693237839,0.1407308957831171
hospital_2,0,aperture,raw,jpeg40,0.7962143411069947,60,0.55,0.6,0.6857704659275914,0.4911603705357849,0.12799689520673826
hospital_2,0,aperture,temperature,jpeg40,0.7962143411069947,60,0.55,0.6,0.7120016749021248,0.5077516688018637,0.1013280779246967
hospital_2,0,aperture,raw,jpeg70,0.7962143411069947,60,0.45054945054945056,0.5,0.6959267370776764,0.5020666648443337,0.14314461364619482
hospital_2,0,aperture,temperature,jpeg70,0.7962143411069947,60,0.45054945054945056,0.5,0.7166223046611894,0.5177529241470971,0.16825418841362988
