domain,support_seed,arm,optimized_scalars,basis_scalars,serialized_state_bytes,optimizer_updates,fitting_visits,basis_visits,fit_wall_seconds,extraction_seconds,temperature_scalars,output_bias_scalars,gpu,latency_repeat_count,seconds_per_query_mean,seconds_per_query_repeat_sd,peak_allocated_bytes
hawaii-wildfire,0,frozen,0,0,0,0,0,0,0.5763365559978411,0.0,1,2,NVIDIA GeForce RTX 4090,3,0.4851087510275344,0.0034285914365720935,16974386688
hawaii-wildfire,0,lora1,10092544,0,40409563,6,18,0,7.91846647800412,0.0,1,0,NVIDIA GeForce RTX 4090,3,0.5123458911095642,0.004298394477716405,17014756864
hawaii-wildfire,0,lora4,10092544,0,40409563,24,72,0,25.05810057092458,0.0,1,0,NVIDIA GeForce RTX 4090,3,0.5109943847217235,0.0022984579433739417,17014756864
hawaii-wildfire,0,aperture,1024,32768,138679,4,72,18,22.13637484400533,4.879790710052475,1,0,NVIDIA GeForce RTX 4090,3,0.5067543639710896,0.0034091635952888965,16974391808
hawaii-wildfire,1,frozen,0,0,0,0,0,0,0.3591138430638239,0.0,1,2,NVIDIA GeForce RTX 4090,0,,,16974386688
hawaii-wildfire,1,lora1,10092544,0,40409563,6,18,0,7.8578357740771025,0.0,1,0,NVIDIA GeForce RTX 4090,0,,,17014756864
hawaii-wildfire,1,lora4,10092544,0,40409563,24,72,0,24.42877826502081,0.0,1,0,NVIDIA GeForce RTX 4090,0,,,17014756864
hawaii-wildfire,1,aperture,1024,32768,138679,4,72,18,21.417904753005132,4.717151080956683,1,0,NVIDIA GeForce RTX 4090,0,,,16974391808
hawaii-wildfire,2,frozen,0,0,0,0,0,0,0.0006453340174630284,0.0,1,2,NVIDIA GeForce RTX 4090,0,,,16974386688
hawaii-wildfire,2,lora1,10092544,0,40409563,6,18,0,6.7246434829430655,0.0,1,0,NVIDIA GeForce RTX 4090,0,,,17014756864
hawaii-wildfire,2,lora4,10092544,0,40409563,24,72,0,24.828772254055366,0.0,1,0,NVIDIA GeForce RTX 4090,0,,,17014756864
hawaii-wildfire,2,aperture,1024,32768,138679,4,72,18,21.594236811972223,4.652808760059997,1,0,NVIDIA GeForce RTX 4090,0,,,16974391808
libya-flood,0,frozen,0,0,0,0,0,0,0.0006290150340646505,0.0,1,2,NVIDIA GeForce RTX 4090,3,0.5059557164463008,0.0021697502622217853,16974386688
libya-flood,0,lora1,10092544,0,40409563,6,18,0,6.7141870389459655,0.0,1,0,NVIDIA GeForce RTX 4090,3,0.537795671611093,0.004726328290948908,17014756864
libya-flood,0,lora4,10092544,0,40409563,24,72,0,24.141971679055132,0.0,1,0,NVIDIA GeForce RTX 4090,3,0.5410316657249091,0.011643182772470416,17014756864
libya-flood,0,aperture,1024,32768,138679,4,72,18,21.256645306013525,4.670064446981996,1,0,NVIDIA GeForce RTX 4090,3,0.5373796748301376,0.005502298669235354,16974391808
libya-flood,1,frozen,0,0,0,0,0,0,0.0005157319828867912,0.0,1,2,NVIDIA GeForce RTX 4090,0,,,16974386688
libya-flood,1,lora1,10092544,0,40409563,6,18,0,6.680745839024894,0.0,1,0,NVIDIA GeForce RTX 4090,0,,,17014756864
libya-flood,1,lora4,10092544,0,40409563,24,72,0,24.964145506033674,0.0,1,0,NVIDIA GeForce RTX 4090,0,,,17014756864
libya-flood,1,aperture,1024,32768,138679,4,72,18,21.176980793010443,4.62254470505286,1,0,NVIDIA GeForce RTX 4090,0,,,16974391808
libya-flood,2,frozen,0,0,0,0,0,0,0.0006619709311053157,0.0,1,2,NVIDIA GeForce RTX 4090,0,,,16974386688
libya-flood,2,lora1,10092544,0,40409563,6,18,0,6.671277945046313,0.0,1,0,NVIDIA GeForce RTX 4090,0,,,17014756864
libya-flood,2,lora4,10092544,0,40409563,24,72,0,24.82925084803719,0.0,1,0,NVIDIA GeForce RTX 4090,0,,,17014756864
libya-flood,2,aperture,1024,32768,138679,4,72,18,21.296389829018153,4.593535396037623,1,0,NVIDIA GeForce RTX 4090,0,,,16974391808
noto-earthquake,0,frozen,0,0,0,0,0,0,0.0006032759556546807,0.0,1,2,NVIDIA GeForce RTX 4090,3,0.525801800773479,0.006061639062232455,16974386688
noto-earthquake,0,lora1,10092544,0,40409563,6,18,0,6.68610207689926,0.0,1,0,NVIDIA GeForce RTX 4090,3,0.5363315071703658,0.005518439382305454,17014756864
noto-earthquake,0,lora4,10092544,0,40409563,24,72,0,24.907778455060907,0.0,1,0,NVIDIA GeForce RTX 4090,3,0.5280195115548042,0.004897858808712553,17014756864
noto-earthquake,0,aperture,1024,32768,138679,4,72,18,21.380019844044,4.62275406497065,1,0,NVIDIA GeForce RTX 4090,3,0.5145053980813827,0.0016758451607215633,16974391808
noto-earthquake,1,frozen,0,0,0,0,0,0,0.0005813130410388112,0.0,1,2,NVIDIA GeForce RTX 4090,0,,,16974386688
noto-earthquake,1,lora1,10092544,0,40409563,6,18,0,6.667319336091168,0.0,1,0,NVIDIA GeForce RTX 4090,0,,,17014756864
noto-earthquake,1,lora4,10092544,0,40409563,24,72,0,24.938630942022428,0.0,1,0,NVIDIA GeForce RTX 4090,0,,,17014756864
noto-earthquake,1,aperture,1024,32768,138679,4,72,18,21.418810853967443,4.681853157933801,1,0,NVIDIA GeForce RTX 4090,0,,,16974391808
noto-earthquake,2,frozen,0,0,0,0,0,0,0.0006082969484850764,0.0,1,2,NVIDIA GeForce RTX 4090,0,,,16974386688
noto-earthquake,2,lora1,10092544,0,40409563,6,18,0,6.806562563055195,0.0,1,0,NVIDIA GeForce RTX 4090,0,,,17014756864
noto-earthquake,2,lora4,10092544,0,40409563,24,72,0,24.821361938025802,0.0,1,0,NVIDIA GeForce RTX 4090,0,,,17014756864
noto-earthquake,2,aperture,1024,32768,138679,4,72,18,21.478162859915756,4.712010803981684,1,0,NVIDIA GeForce RTX 4090,0,,,16974391808
turkey-earthquake,0,frozen,0,0,0,0,0,0,0.0005780369974672794,0.0,1,2,NVIDIA GeForce RTX 4090,3,0.5378490384448216,0.009005921059212902,16974386688
turkey-earthquake,0,lora1,10092544,0,40409563,6,18,0,6.843857500003651,0.0,1,0,NVIDIA GeForce RTX 4090,3,0.5667729573033284,0.009047712930114148,17014756864
turkey-earthquake,0,lora4,10092544,0,40409563,24,72,0,25.15771224501077,0.0,1,0,NVIDIA GeForce RTX 4090,3,0.5677349399742928,0.01142300975839421,17014756864
turkey-earthquake,0,aperture,1024,32768,138679,4,72,18,21.886324233957566,4.712285356014036,1,0,NVIDIA GeForce RTX 4090,3,0.5117273286968057,0.003687116939219355,16974391808
turkey-earthquake,1,frozen,0,0,0,0,0,0,0.0005884109996259212,0.0,1,2,NVIDIA GeForce RTX 4090,0,,,16974386688
turkey-earthquake,1,lora1,10092544,0,40409563,6,18,0,6.884673723950982,0.0,1,0,NVIDIA GeForce RTX 4090,0,,,17014756864
turkey-earthquake,1,lora4,10092544,0,40409563,24,72,0,24.937360373907723,0.0,1,0,NVIDIA GeForce RTX 4090,0,,,17014756864
turkey-earthquake,1,aperture,1024,32768,138679,4,72,18,21.889426511945203,4.7094993280479684,1,0,NVIDIA GeForce RTX 4090,0,,,16974391808
turkey-earthquake,2,frozen,0,0,0,0,0,0,0.0006446170154958963,0.0,1,2,NVIDIA GeForce RTX 4090,0,,,16974386688
turkey-earthquake,2,lora1,10092544,0,40409563,6,18,0,6.778108580969274,0.0,1,0,NVIDIA GeForce RTX 4090,0,,,17014756864
turkey-earthquake,2,lora4,10092544,0,40409563,24,72,0,25.44023339007981,0.0,1,0,NVIDIA GeForce RTX 4090,0,,,17014756864
turkey-earthquake,2,aperture,1024,32768,138679,4,72,18,21.810121900052764,4.871910598943941,1,0,NVIDIA GeForce RTX 4090,0,,,16974391808
hospital_2,0,frozen,0,0,0,0,0,0,0.0005837440257892013,0.0,1,1,NVIDIA GeForce RTX 4090,3,0.10451710566606683,0.0015797143638345793,16628142592
hospital_2,0,lora1,10092544,0,40409563,12,12,0,3.0981890839757398,0.0,1,0,NVIDIA GeForce RTX 4090,3,0.1254798116117147,0.0002449995935722265,16668512768
hospital_2,0,lora4,10092544,0,40409563,48,48,0,10.795439510955475,0.0,1,0,NVIDIA GeForce RTX 4090,3,0.1247551998078254,0.0011964716610742894,16668512768
hospital_2,0,aperture,1024,32768,138679,4,48,12,6.493262341013178,1.6797121909912676,1,0,NVIDIA GeForce RTX 4090,3,0.11014244430569105,0.0007453747000214057,16628147200
hospital_2,1,frozen,0,0,0,0,0,0,0.0006638090126216412,0.0,1,1,NVIDIA GeForce RTX 4090,0,,,16628142592
hospital_2,1,lora1,10092544,0,40409563,12,12,0,3.1164350530598313,0.0,1,0,NVIDIA GeForce RTX 4090,0,,,16668512768
hospital_2,1,lora4,10092544,0,40409563,48,48,0,10.123407681006938,0.0,1,0,NVIDIA GeForce RTX 4090,0,,,16668512768
hospital_2,1,aperture,1024,32768,138679,4,48,12,5.8622743380256,1.6873024229425937,1,0,NVIDIA GeForce RTX 4090,0,,,16628147200
hospital_2,2,frozen,0,0,0,0,0,0,0.0005320749478414655,0.0,1,1,NVIDIA GeForce RTX 4090,0,,,16628142592
hospital_2,2,lora1,10092544,0,40409563,12,12,0,2.990689084981568,0.0,1,0,NVIDIA GeForce RTX 4090,0,,,16668512768
hospital_2,2,lora4,10092544,0,40409563,48,48,0,10.289119967026636,0.0,1,0,NVIDIA GeForce RTX 4090,0,,,16668512768
hospital_2,2,aperture,1024,32768,138679,4,48,12,6.730633703991771,1.794558524969034,1,0,NVIDIA GeForce RTX 4090,0,,,16628147200
bridge_pick_place,0,frozen,0,0,0,0,0,0,0.0006132670678198338,0.0,1,3,NVIDIA GeForce RTX 4090,3,0.5938175135557282,0.0005378875466744343,17151186944
bridge_pick_place,0,lora1,10092544,0,40409563,24,24,0,10.239028044044971,0.0,1,0,NVIDIA GeForce RTX 4090,3,0.6373737082499752,0.0020315497981788846,17191557120
bridge_pick_place,0,lora4,10092544,0,40409563,96,96,0,38.40931441995781,0.0,1,0,NVIDIA GeForce RTX 4090,3,0.6166422047503551,0.0005184470558929347,17191557120
bridge_pick_place,0,aperture,1024,32768,138679,4,96,24,28.596446747076698,6.145549383945763,1,0,NVIDIA GeForce RTX 4090,3,0.6013080823371032,0.003936330681366074,17151192064
bridge_pick_place,1,frozen,0,0,0,0,0,0,0.0005261319456622005,0.0,1,3,NVIDIA GeForce RTX 4090,0,,,17162314752
bridge_pick_place,1,lora1,10092544,0,40409563,24,24,0,10.352798791020177,0.0,1,0,NVIDIA GeForce RTX 4090,0,,,17202684928
bridge_pick_place,1,lora4,10092544,0,40409563,96,96,0,39.40068585705012,0.0,1,0,NVIDIA GeForce RTX 4090,0,,,17202684928
bridge_pick_place,1,aperture,1024,32768,138679,4,96,24,28.997005218057893,6.185535744996741,1,0,NVIDIA GeForce RTX 4090,0,,,17162319872
bridge_pick_place,2,frozen,0,0,0,0,0,0,0.0005147129995748401,0.0,1,3,NVIDIA GeForce RTX 4090,0,,,17162314752
bridge_pick_place,2,lora1,10092544,0,40409563,24,24,0,10.209997626021504,0.0,1,0,NVIDIA GeForce RTX 4090,0,,,17202684928
bridge_pick_place,2,lora4,10092544,0,40409563,96,96,0,38.84996336500626,0.0,1,0,NVIDIA GeForce RTX 4090,0,,,17202684928
bridge_pick_place,2,aperture,1024,32768,138679,4,96,24,28.314831737079658,6.046346838003956,1,0,NVIDIA GeForce RTX 4090,0,,,17162319872
droid_pick_place,0,frozen,0,0,0,0,0,0,0.000678603071719408,0.0,1,3,NVIDIA GeForce RTX 4090,3,0.640328356362362,0.0014458076152911183,17122969088
droid_pick_place,0,lora1,10092544,0,40409563,24,24,0,10.31258154695388,0.0,1,0,NVIDIA GeForce RTX 4090,3,0.6621875500843291,0.002485631450599903,17163339264
droid_pick_place,0,lora4,10092544,0,40409563,96,96,0,39.65681394608691,0.0,1,0,NVIDIA GeForce RTX 4090,3,0.6790589477233072,0.0008099298540606205,17163339264
droid_pick_place,0,aperture,1024,32768,138679,4,96,24,29.782401201082394,6.325411344063468,1,0,NVIDIA GeForce RTX 4090,3,0.6470053056093295,0.0005403475315877718,17122974208
droid_pick_place,1,frozen,0,0,0,0,0,0,0.0005232369294390082,0.0,1,3,NVIDIA GeForce RTX 4090,0,,,17124787712
droid_pick_place,1,lora1,10092544,0,40409563,24,24,0,10.342551724985242,0.0,1,0,NVIDIA GeForce RTX 4090,0,,,17165157888
droid_pick_place,1,lora4,10092544,0,40409563,96,96,0,39.28108437103219,0.0,1,0,NVIDIA GeForce RTX 4090,0,,,17165157888
droid_pick_place,1,aperture,1024,32768,138679,4,96,24,29.136576610966586,6.195581034058705,1,0,NVIDIA GeForce RTX 4090,0,,,17124792832
droid_pick_place,2,frozen,0,0,0,0,0,0,0.0006026789778843522,0.0,1,3,NVIDIA GeForce RTX 4090,0,,,17124787712
droid_pick_place,2,lora1,10092544,0,40409563,24,24,0,10.34552607103251,0.0,1,0,NVIDIA GeForce RTX 4090,0,,,17165157888
droid_pick_place,2,lora4,10092544,0,40409563,96,96,0,39.504985470091924,0.0,1,0,NVIDIA GeForce RTX 4090,0,,,17165157888
droid_pick_place,2,aperture,1024,32768,138679,4,96,24,29.519352119998075,6.322563752997667,1,0,NVIDIA GeForce RTX 4090,0,,,17124792832
droid_arti,0,frozen,0,0,0,0,0,0,0.0006719689117744565,0.0,1,3,NVIDIA GeForce RTX 4090,3,0.6365499699184309,0.0006836461073477796,17118724608
droid_arti,0,lora1,10092544,0,40409563,24,24,0,10.330105738947168,0.0,1,0,NVIDIA GeForce RTX 4090,3,0.654223515331978,0.0004890769264984668,17159094784
droid_arti,0,lora4,10092544,0,40409563,96,96,0,39.36681446805596,0.0,1,0,NVIDIA GeForce RTX 4090,3,0.6746160376383665,0.0008609705494252584,17159094784
droid_arti,0,aperture,1024,32768,138679,4,96,24,29.8167104749009,6.328483868041076,1,0,NVIDIA GeForce RTX 4090,3,0.6365305460025814,0.0014701284468047761,17118729728
droid_arti,1,frozen,0,0,0,0,0,0,0.0005599829601123929,0.0,1,3,NVIDIA GeForce RTX 4090,0,,,17122961920
droid_arti,1,lora1,10092544,0,40409563,24,24,0,10.404709893045947,0.0,1,0,NVIDIA GeForce RTX 4090,0,,,17163332096
droid_arti,1,lora4,10092544,0,40409563,96,96,0,38.79940421495121,0.0,1,0,NVIDIA GeForce RTX 4090,0,,,17163332096
droid_arti,1,aperture,1024,32768,138679,4,96,24,29.815617704065517,6.310840927995741,1,0,NVIDIA GeForce RTX 4090,0,,,17122967040
droid_arti,2,frozen,0,0,0,0,0,0,0.000625000917352736,0.0,1,3,NVIDIA GeForce RTX 4090,0,,,17122961920
droid_arti,2,lora1,10092544,0,40409563,24,24,0,10.341403845930472,0.0,1,0,NVIDIA GeForce RTX 4090,0,,,17163332096
droid_arti,2,lora4,10092544,0,40409563,96,96,0,39.3839976079762,0.0,1,0,NVIDIA GeForce RTX 4090,0,,,17163332096
droid_arti,2,aperture,1024,32768,138679,4,96,24,30.725553566007875,6.5723987659439445,1,0,NVIDIA GeForce RTX 4090,0,,,17122967040
